!amt_annotation_ids	!amt_worker_ids	orig_id	response	gold
6YGZG117Y18TYYYVYYZZKSA0RSZD235RTEMFMA3Z	A1AVJRFM6L0RN8	594	25	56
6YGZG117Y18TYYYVYYZZGWPTRNMNZYM8NJ4AQG1Z	ADAGUJNWMEPT6	594	60	56
6YGZG117Y18TYYYVYYZZKJ2ZTRYE1W0ZVJWF0TC0	A1LY3NJTYW9TFF	594	0	56
6YGZG117Y18TYYYVYYZZQZ8Y2ZZKMJH8KJY6G020	A14WWG6NKBDWGP	594	30	56
6YGZG117Y18TYYYVYYZZJW5ZW9R40YCCJ80X2YF0	A1VYRD3HO2WDUN	594	50	56
6YGZG117Y18TYYYVYYZZQG0Z4ZZVQY58M2YQR2VZ	A1XUURRBT9RYFW	594	50	56
6YGZG117Y18TYYYVYYZZ4W0Z4NY88RHRV3ZZVSK0	A1M0SEWUJYX9K0	594	60	56
6YGZG117Y18TYYYVYYZZSXXT57ZJXHVMMQY23VWZ	A2KBTYNGUFRB9N	594	60	56
6YGZG117Y18TYYYVYYZZJ1MWMDZY7GKZXVY8YZRZ	A3POYFULMTNW1H	594	20	56
6YGZG117Y18TYYYVYYZZKWSZSMY731GTNCN53YQ0	ARQ4J4TLTPBNC	594	40	56
6YGZG117Y18TYYYVYYZZKSA0RSZD235RTEMFMA3Z	A1AVJRFM6L0RN8	582	0	53
6YGZG117Y18TYYYVYYZZGWPTRNMNZYM8NJ4AQG1Z	ADAGUJNWMEPT6	582	5	53
6YGZG117Y18TYYYVYYZZKJ2ZTRYE1W0ZVJWF0TC0	A1LY3NJTYW9TFF	582	0	53
6YGZG117Y18TYYYVYYZZQZ8Y2ZZKMJH8KJY6G020	A14WWG6NKBDWGP	582	40	53
6YGZG117Y18TYYYVYYZZJW5ZW9R40YCCJ80X2YF0	A1VYRD3HO2WDUN	582	40	53
6YGZG117Y18TYYYVYYZZQG0Z4ZZVQY58M2YQR2VZ	A1XUURRBT9RYFW	582	5	53
6YGZG117Y18TYYYVYYZZ4W0Z4NY88RHRV3ZZVSK0	A1M0SEWUJYX9K0	582	75	53
6YGZG117Y18TYYYVYYZZSXXT57ZJXHVMMQY23VWZ	A2KBTYNGUFRB9N	582	50	53
6YGZG117Y18TYYYVYYZZJ1MWMDZY7GKZXVY8YZRZ	A3POYFULMTNW1H	582	0	53
6YGZG117Y18TYYYVYYZZKWSZSMY731GTNCN53YQ0	ARQ4J4TLTPBNC	582	0	53
6YGZG117Y18TYYYVYYZZKSA0RSZD235RTEMFMA3Z	A1AVJRFM6L0RN8	593	0	0
6YGZG117Y18TYYYVYYZZGWPTRNMNZYM8NJ4AQG1Z	ADAGUJNWMEPT6	593	0	0
6YGZG117Y18TYYYVYYZZKJ2ZTRYE1W0ZVJWF0TC0	A1LY3NJTYW9TFF	593	0	0
6YGZG117Y18TYYYVYYZZQZ8Y2ZZKMJH8KJY6G020	A14WWG6NKBDWGP	593	0	0
6YGZG117Y18TYYYVYYZZJW5ZW9R40YCCJ80X2YF0	A1VYRD3HO2WDUN	593	0	0
6YGZG117Y18TYYYVYYZZQG0Z4ZZVQY58M2YQR2VZ	A1XUURRBT9RYFW	593	0	0
6YGZG117Y18TYYYVYYZZ4W0Z4NY88RHRV3ZZVSK0	A1M0SEWUJYX9K0	593	0	0
6YGZG117Y18TYYYVYYZZSXXT57ZJXHVMMQY23VWZ	A2KBTYNGUFRB9N	593	0	0
6YGZG117Y18TYYYVYYZZJ1MWMDZY7GKZXVY8YZRZ	A3POYFULMTNW1H	593	0	0
6YGZG117Y18TYYYVYYZZKWSZSMY731GTNCN53YQ0	ARQ4J4TLTPBNC	593	0	0
6YGZG117Y18TYYYVYYZZKSA0RSZD235RTEMFMA3Z	A1AVJRFM6L0RN8	592	0	0
6YGZG117Y18TYYYVYYZZGWPTRNMNZYM8NJ4AQG1Z	ADAGUJNWMEPT6	592	5	0
6YGZG117Y18TYYYVYYZZKJ2ZTRYE1W0ZVJWF0TC0	A1LY3NJTYW9TFF	592	0	0
6YGZG117Y18TYYYVYYZZQZ8Y2ZZKMJH8KJY6G020	A14WWG6NKBDWGP	592	0	0
6YGZG117Y18TYYYVYYZZJW5ZW9R40YCCJ80X2YF0	A1VYRD3HO2WDUN	592	0	0
6YGZG117Y18TYYYVYYZZQG0Z4ZZVQY58M2YQR2VZ	A1XUURRBT9RYFW	592	5	0
6YGZG117Y18TYYYVYYZZ4W0Z4NY88RHRV3ZZVSK0	A1M0SEWUJYX9K0	592	0	0
6YGZG117Y18TYYYVYYZZSXXT57ZJXHVMMQY23VWZ	A2KBTYNGUFRB9N	592	30	0
6YGZG117Y18TYYYVYYZZJ1MWMDZY7GKZXVY8YZRZ	A3POYFULMTNW1H	592	0	0
6YGZG117Y18TYYYVYYZZKWSZSMY731GTNCN53YQ0	ARQ4J4TLTPBNC	592	0	0
6YGZG117Y18TYYYVYYZZKSA0RSZD235RTEMFMA3Z	A1AVJRFM6L0RN8	581	0	0
6YGZG117Y18TYYYVYYZZGWPTRNMNZYM8NJ4AQG1Z	ADAGUJNWMEPT6	581	0	0
6YGZG117Y18TYYYVYYZZKJ2ZTRYE1W0ZVJWF0TC0	A1LY3NJTYW9TFF	581	0	0
6YGZG117Y18TYYYVYYZZQZ8Y2ZZKMJH8KJY6G020	A14WWG6NKBDWGP	581	0	0
6YGZG117Y18TYYYVYYZZJW5ZW9R40YCCJ80X2YF0	A1VYRD3HO2WDUN	581	0	0
6YGZG117Y18TYYYVYYZZQG0Z4ZZVQY58M2YQR2VZ	A1XUURRBT9RYFW	581	0	0
6YGZG117Y18TYYYVYYZZ4W0Z4NY88RHRV3ZZVSK0	A1M0SEWUJYX9K0	581	0	0
6YGZG117Y18TYYYVYYZZSXXT57ZJXHVMMQY23VWZ	A2KBTYNGUFRB9N	581	0	0
6YGZG117Y18TYYYVYYZZJ1MWMDZY7GKZXVY8YZRZ	A3POYFULMTNW1H	581	0	0
6YGZG117Y18TYYYVYYZZKWSZSMY731GTNCN53YQ0	ARQ4J4TLTPBNC	581	0	0
6YGZG117Y18TYYYVYYZZKSA0RSZD235RTEMFMA3Z	A1AVJRFM6L0RN8	591	25	67
6YGZG117Y18TYYYVYYZZGWPTRNMNZYM8NJ4AQG1Z	ADAGUJNWMEPT6	591	25	67
6YGZG117Y18TYYYVYYZZKJ2ZTRYE1W0ZVJWF0TC0	A1LY3NJTYW9TFF	591	0	67
6YGZG117Y18TYYYVYYZZQZ8Y2ZZKMJH8KJY6G020	A14WWG6NKBDWGP	591	40	67
6YGZG117Y18TYYYVYYZZJW5ZW9R40YCCJ80X2YF0	A1VYRD3HO2WDUN	591	80	67
6YGZG117Y18TYYYVYYZZQG0Z4ZZVQY58M2YQR2VZ	A1XUURRBT9RYFW	591	30	67
6YGZG117Y18TYYYVYYZZ4W0Z4NY88RHRV3ZZVSK0	A1M0SEWUJYX9K0	591	80	67
6YGZG117Y18TYYYVYYZZSXXT57ZJXHVMMQY23VWZ	A2KBTYNGUFRB9N	591	75	67
6YGZG117Y18TYYYVYYZZJ1MWMDZY7GKZXVY8YZRZ	A3POYFULMTNW1H	591	50	67
6YGZG117Y18TYYYVYYZZKWSZSMY731GTNCN53YQ0	ARQ4J4TLTPBNC	591	40	67
6YGZG117Y18TYYYVYYZZKSA0RSZD235RTEMFMA3Z	A1AVJRFM6L0RN8	580	0	0
6YGZG117Y18TYYYVYYZZGWPTRNMNZYM8NJ4AQG1Z	ADAGUJNWMEPT6	580	0	0
6YGZG117Y18TYYYVYYZZKJ2ZTRYE1W0ZVJWF0TC0	A1LY3NJTYW9TFF	580	0	0
6YGZG117Y18TYYYVYYZZQZ8Y2ZZKMJH8KJY6G020	A14WWG6NKBDWGP	580	0	0
6YGZG117Y18TYYYVYYZZJW5ZW9R40YCCJ80X2YF0	A1VYRD3HO2WDUN	580	0	0
6YGZG117Y18TYYYVYYZZQG0Z4ZZVQY58M2YQR2VZ	A1XUURRBT9RYFW	580	0	0
6YGZG117Y18TYYYVYYZZ4W0Z4NY88RHRV3ZZVSK0	A1M0SEWUJYX9K0	580	0	0
6YGZG117Y18TYYYVYYZZSXXT57ZJXHVMMQY23VWZ	A2KBTYNGUFRB9N	580	0	0
6YGZG117Y18TYYYVYYZZJ1MWMDZY7GKZXVY8YZRZ	A3POYFULMTNW1H	580	0	0
6YGZG117Y18TYYYVYYZZKWSZSMY731GTNCN53YQ0	ARQ4J4TLTPBNC	580	0	0
6YGZG117Y18TYYYVYYZZKSA0RSZD235RTEMFMA3Z	A1AVJRFM6L0RN8	590	0	75
6YGZG117Y18TYYYVYYZZGWPTRNMNZYM8NJ4AQG1Z	ADAGUJNWMEPT6	590	15	75
6YGZG117Y18TYYYVYYZZKJ2ZTRYE1W0ZVJWF0TC0	A1LY3NJTYW9TFF	590	10	75
6YGZG117Y18TYYYVYYZZQZ8Y2ZZKMJH8KJY6G020	A14WWG6NKBDWGP	590	60	75
6YGZG117Y18TYYYVYYZZJW5ZW9R40YCCJ80X2YF0	A1VYRD3HO2WDUN	590	20	75
6YGZG117Y18TYYYVYYZZQG0Z4ZZVQY58M2YQR2VZ	A1XUURRBT9RYFW	590	0	75
6YGZG117Y18TYYYVYYZZ4W0Z4NY88RHRV3ZZVSK0	A1M0SEWUJYX9K0	590	50	75
6YGZG117Y18TYYYVYYZZSXXT57ZJXHVMMQY23VWZ	A2KBTYNGUFRB9N	590	60	75
6YGZG117Y18TYYYVYYZZJ1MWMDZY7GKZXVY8YZRZ	A3POYFULMTNW1H	590	30	75
6YGZG117Y18TYYYVYYZZKWSZSMY731GTNCN53YQ0	ARQ4J4TLTPBNC	590	0	75
6YGZG117Y18TYYYVYYZZKSA0RSZD235RTEMFMA3Z	A1AVJRFM6L0RN8	589	0	0
6YGZG117Y18TYYYVYYZZGWPTRNMNZYM8NJ4AQG1Z	ADAGUJNWMEPT6	589	0	0
6YGZG117Y18TYYYVYYZZKJ2ZTRYE1W0ZVJWF0TC0	A1LY3NJTYW9TFF	589	0	0
6YGZG117Y18TYYYVYYZZQZ8Y2ZZKMJH8KJY6G020	A14WWG6NKBDWGP	589	0	0
6YGZG117Y18TYYYVYYZZJW5ZW9R40YCCJ80X2YF0	A1VYRD3HO2WDUN	589	0	0
6YGZG117Y18TYYYVYYZZQG0Z4ZZVQY58M2YQR2VZ	A1XUURRBT9RYFW	589	0	0
6YGZG117Y18TYYYVYYZZ4W0Z4NY88RHRV3ZZVSK0	A1M0SEWUJYX9K0	589	0	0
6YGZG117Y18TYYYVYYZZSXXT57ZJXHVMMQY23VWZ	A2KBTYNGUFRB9N	589	0	0
6YGZG117Y18TYYYVYYZZJ1MWMDZY7GKZXVY8YZRZ	A3POYFULMTNW1H	589	0	0
6YGZG117Y18TYYYVYYZZKWSZSMY731GTNCN53YQ0	ARQ4J4TLTPBNC	589	0	0
6YGZG117Y18TYYYVYYZZKSA0RSZD235RTEMFMA3Z	A1AVJRFM6L0RN8	588	0	11
6YGZG117Y18TYYYVYYZZGWPTRNMNZYM8NJ4AQG1Z	ADAGUJNWMEPT6	588	0	11
6YGZG117Y18TYYYVYYZZKJ2ZTRYE1W0ZVJWF0TC0	A1LY3NJTYW9TFF	588	0	11
6YGZG117Y18TYYYVYYZZQZ8Y2ZZKMJH8KJY6G020	A14WWG6NKBDWGP	588	0	11
6YGZG117Y18TYYYVYYZZJW5ZW9R40YCCJ80X2YF0	A1VYRD3HO2WDUN	588	0	11
6YGZG117Y18TYYYVYYZZQG0Z4ZZVQY58M2YQR2VZ	A1XUURRBT9RYFW	588	0	11
6YGZG117Y18TYYYVYYZZ4W0Z4NY88RHRV3ZZVSK0	A1M0SEWUJYX9K0	588	0	11
6YGZG117Y18TYYYVYYZZSXXT57ZJXHVMMQY23VWZ	A2KBTYNGUFRB9N	588	0	11
6YGZG117Y18TYYYVYYZZJ1MWMDZY7GKZXVY8YZRZ	A3POYFULMTNW1H	588	0	11
6YGZG117Y18TYYYVYYZZKWSZSMY731GTNCN53YQ0	ARQ4J4TLTPBNC	588	0	11
6YGZG117Y18TYYYVYYZZKSA0RSZD235RTEMFMA3Z	A1AVJRFM6L0RN8	599	0	0
6YGZG117Y18TYYYVYYZZGWPTRNMNZYM8NJ4AQG1Z	ADAGUJNWMEPT6	599	5	0
6YGZG117Y18TYYYVYYZZKJ2ZTRYE1W0ZVJWF0TC0	A1LY3NJTYW9TFF	599	0	0
6YGZG117Y18TYYYVYYZZQZ8Y2ZZKMJH8KJY6G020	A14WWG6NKBDWGP	599	10	0
6YGZG117Y18TYYYVYYZZJW5ZW9R40YCCJ80X2YF0	A1VYRD3HO2WDUN	599	0	0
6YGZG117Y18TYYYVYYZZQG0Z4ZZVQY58M2YQR2VZ	A1XUURRBT9RYFW	599	0	0
6YGZG117Y18TYYYVYYZZ4W0Z4NY88RHRV3ZZVSK0	A1M0SEWUJYX9K0	599	0	0
6YGZG117Y18TYYYVYYZZSXXT57ZJXHVMMQY23VWZ	A2KBTYNGUFRB9N	599	0	0
6YGZG117Y18TYYYVYYZZJ1MWMDZY7GKZXVY8YZRZ	A3POYFULMTNW1H	599	0	0
6YGZG117Y18TYYYVYYZZKWSZSMY731GTNCN53YQ0	ARQ4J4TLTPBNC	599	40	0
6YGZG117Y18TYYYVYYZZKSA0RSZD235RTEMFMA3Z	A1AVJRFM6L0RN8	598	52	9
6YGZG117Y18TYYYVYYZZGWPTRNMNZYM8NJ4AQG1Z	ADAGUJNWMEPT6	598	10	9
6YGZG117Y18TYYYVYYZZKJ2ZTRYE1W0ZVJWF0TC0	A1LY3NJTYW9TFF	598	0	9
6YGZG117Y18TYYYVYYZZQZ8Y2ZZKMJH8KJY6G020	A14WWG6NKBDWGP	598	20	9
6YGZG117Y18TYYYVYYZZJW5ZW9R40YCCJ80X2YF0	A1VYRD3HO2WDUN	598	0	9
6YGZG117Y18TYYYVYYZZQG0Z4ZZVQY58M2YQR2VZ	A1XUURRBT9RYFW	598	0	9
6YGZG117Y18TYYYVYYZZ4W0Z4NY88RHRV3ZZVSK0	A1M0SEWUJYX9K0	598	0	9
6YGZG117Y18TYYYVYYZZSXXT57ZJXHVMMQY23VWZ	A2KBTYNGUFRB9N	598	5	9
6YGZG117Y18TYYYVYYZZJ1MWMDZY7GKZXVY8YZRZ	A3POYFULMTNW1H	598	50	9
6YGZG117Y18TYYYVYYZZKWSZSMY731GTNCN53YQ0	ARQ4J4TLTPBNC	598	0	9
6YGZG117Y18TYYYVYYZZKSA0RSZD235RTEMFMA3Z	A1AVJRFM6L0RN8	587	0	0
6YGZG117Y18TYYYVYYZZGWPTRNMNZYM8NJ4AQG1Z	ADAGUJNWMEPT6	587	0	0
6YGZG117Y18TYYYVYYZZKJ2ZTRYE1W0ZVJWF0TC0	A1LY3NJTYW9TFF	587	10	0
6YGZG117Y18TYYYVYYZZQZ8Y2ZZKMJH8KJY6G020	A14WWG6NKBDWGP	587	0	0
6YGZG117Y18TYYYVYYZZJW5ZW9R40YCCJ80X2YF0	A1VYRD3HO2WDUN	587	0	0
6YGZG117Y18TYYYVYYZZQG0Z4ZZVQY58M2YQR2VZ	A1XUURRBT9RYFW	587	0	0
6YGZG117Y18TYYYVYYZZ4W0Z4NY88RHRV3ZZVSK0	A1M0SEWUJYX9K0	587	0	0
6YGZG117Y18TYYYVYYZZSXXT57ZJXHVMMQY23VWZ	A2KBTYNGUFRB9N	587	0	0
6YGZG117Y18TYYYVYYZZJ1MWMDZY7GKZXVY8YZRZ	A3POYFULMTNW1H	587	0	0
6YGZG117Y18TYYYVYYZZKWSZSMY731GTNCN53YQ0	ARQ4J4TLTPBNC	587	0	0
6YGZG117Y18TYYYVYYZZKSA0RSZD235RTEMFMA3Z	A1AVJRFM6L0RN8	597	0	0
6YGZG117Y18TYYYVYYZZGWPTRNMNZYM8NJ4AQG1Z	ADAGUJNWMEPT6	597	0	0
6YGZG117Y18TYYYVYYZZKJ2ZTRYE1W0ZVJWF0TC0	A1LY3NJTYW9TFF	597	0	0
6YGZG117Y18TYYYVYYZZQZ8Y2ZZKMJH8KJY6G020	A14WWG6NKBDWGP	597	0	0
6YGZG117Y18TYYYVYYZZJW5ZW9R40YCCJ80X2YF0	A1VYRD3HO2WDUN	597	0	0
6YGZG117Y18TYYYVYYZZQG0Z4ZZVQY58M2YQR2VZ	A1XUURRBT9RYFW	597	0	0
6YGZG117Y18TYYYVYYZZ4W0Z4NY88RHRV3ZZVSK0	A1M0SEWUJYX9K0	597	0	0
6YGZG117Y18TYYYVYYZZSXXT57ZJXHVMMQY23VWZ	A2KBTYNGUFRB9N	597	0	0
6YGZG117Y18TYYYVYYZZJ1MWMDZY7GKZXVY8YZRZ	A3POYFULMTNW1H	597	0	0
6YGZG117Y18TYYYVYYZZKWSZSMY731GTNCN53YQ0	ARQ4J4TLTPBNC	597	0	0
6YGZG117Y18TYYYVYYZZKSA0RSZD235RTEMFMA3Z	A1AVJRFM6L0RN8	586	0	0
6YGZG117Y18TYYYVYYZZGWPTRNMNZYM8NJ4AQG1Z	ADAGUJNWMEPT6	586	0	0
6YGZG117Y18TYYYVYYZZKJ2ZTRYE1W0ZVJWF0TC0	A1LY3NJTYW9TFF	586	0	0
6YGZG117Y18TYYYVYYZZQZ8Y2ZZKMJH8KJY6G020	A14WWG6NKBDWGP	586	60	0
6YGZG117Y18TYYYVYYZZJW5ZW9R40YCCJ80X2YF0	A1VYRD3HO2WDUN	586	0	0
6YGZG117Y18TYYYVYYZZQG0Z4ZZVQY58M2YQR2VZ	A1XUURRBT9RYFW	586	0	0
6YGZG117Y18TYYYVYYZZ4W0Z4NY88RHRV3ZZVSK0	A1M0SEWUJYX9K0	586	0	0
6YGZG117Y18TYYYVYYZZSXXT57ZJXHVMMQY23VWZ	A2KBTYNGUFRB9N	586	0	0
6YGZG117Y18TYYYVYYZZJ1MWMDZY7GKZXVY8YZRZ	A3POYFULMTNW1H	586	0	0
6YGZG117Y18TYYYVYYZZKWSZSMY731GTNCN53YQ0	ARQ4J4TLTPBNC	586	0	0
6YGZG117Y18TYYYVYYZZKSA0RSZD235RTEMFMA3Z	A1AVJRFM6L0RN8	585	0	32
6YGZG117Y18TYYYVYYZZGWPTRNMNZYM8NJ4AQG1Z	ADAGUJNWMEPT6	585	25	32
6YGZG117Y18TYYYVYYZZKJ2ZTRYE1W0ZVJWF0TC0	A1LY3NJTYW9TFF	585	20	32
6YGZG117Y18TYYYVYYZZQZ8Y2ZZKMJH8KJY6G020	A14WWG6NKBDWGP	585	60	32
6YGZG117Y18TYYYVYYZZJW5ZW9R40YCCJ80X2YF0	A1VYRD3HO2WDUN	585	0	32
6YGZG117Y18TYYYVYYZZQG0Z4ZZVQY58M2YQR2VZ	A1XUURRBT9RYFW	585	10	32
6YGZG117Y18TYYYVYYZZ4W0Z4NY88RHRV3ZZVSK0	A1M0SEWUJYX9K0	585	75	32
6YGZG117Y18TYYYVYYZZSXXT57ZJXHVMMQY23VWZ	A2KBTYNGUFRB9N	585	0	32
6YGZG117Y18TYYYVYYZZJ1MWMDZY7GKZXVY8YZRZ	A3POYFULMTNW1H	585	0	32
6YGZG117Y18TYYYVYYZZKWSZSMY731GTNCN53YQ0	ARQ4J4TLTPBNC	585	100	32
6YGZG117Y18TYYYVYYZZKSA0RSZD235RTEMFMA3Z	A1AVJRFM6L0RN8	596	0	0
6YGZG117Y18TYYYVYYZZGWPTRNMNZYM8NJ4AQG1Z	ADAGUJNWMEPT6	596	10	0
6YGZG117Y18TYYYVYYZZKJ2ZTRYE1W0ZVJWF0TC0	A1LY3NJTYW9TFF	596	15	0
6YGZG117Y18TYYYVYYZZQZ8Y2ZZKMJH8KJY6G020	A14WWG6NKBDWGP	596	0	0
6YGZG117Y18TYYYVYYZZJW5ZW9R40YCCJ80X2YF0	A1VYRD3HO2WDUN	596	0	0
6YGZG117Y18TYYYVYYZZQG0Z4ZZVQY58M2YQR2VZ	A1XUURRBT9RYFW	596	0	0
6YGZG117Y18TYYYVYYZZ4W0Z4NY88RHRV3ZZVSK0	A1M0SEWUJYX9K0	596	20	0
6YGZG117Y18TYYYVYYZZSXXT57ZJXHVMMQY23VWZ	A2KBTYNGUFRB9N	596	0	0
6YGZG117Y18TYYYVYYZZJ1MWMDZY7GKZXVY8YZRZ	A3POYFULMTNW1H	596	0	0
6YGZG117Y18TYYYVYYZZKWSZSMY731GTNCN53YQ0	ARQ4J4TLTPBNC	596	0	0
6YGZG117Y18TYYYVYYZZKSA0RSZD235RTEMFMA3Z	A1AVJRFM6L0RN8	584	0	7
6YGZG117Y18TYYYVYYZZGWPTRNMNZYM8NJ4AQG1Z	ADAGUJNWMEPT6	584	35	7
6YGZG117Y18TYYYVYYZZKJ2ZTRYE1W0ZVJWF0TC0	A1LY3NJTYW9TFF	584	2	7
6YGZG117Y18TYYYVYYZZQZ8Y2ZZKMJH8KJY6G020	A14WWG6NKBDWGP	584	20	7
6YGZG117Y18TYYYVYYZZJW5ZW9R40YCCJ80X2YF0	A1VYRD3HO2WDUN	584	0	7
6YGZG117Y18TYYYVYYZZQG0Z4ZZVQY58M2YQR2VZ	A1XUURRBT9RYFW	584	0	7
6YGZG117Y18TYYYVYYZZ4W0Z4NY88RHRV3ZZVSK0	A1M0SEWUJYX9K0	584	30	7
6YGZG117Y18TYYYVYYZZSXXT57ZJXHVMMQY23VWZ	A2KBTYNGUFRB9N	584	0	7
6YGZG117Y18TYYYVYYZZJ1MWMDZY7GKZXVY8YZRZ	A3POYFULMTNW1H	584	0	7
6YGZG117Y18TYYYVYYZZKWSZSMY731GTNCN53YQ0	ARQ4J4TLTPBNC	584	100	7
58PRS3Z3NW04V9Y9FW2ZQWYZM2ZTGAR4NQZJSYG0	A39APWH62XBLR9	572	0	5
58PRS3Z3NW04V9Y9FW2ZEZC4Z8ZDATZ4Y1Y8BZ6Z	A1XUURRBT9RYFW	572	0	5
58PRS3Z3NW04V9Y9FW2ZN17ZPYY3N33ZT8ZWYXV0	A3EKIOVCNYJ9BJ	572	0	5
58PRS3Z3NW04V9Y9FW2ZZ8MTRT4YKR3ZZPZB48D0	A3TDUHEBFJ53NM	572	0	5
58PRS3Z3NW04V9Y9FW2ZJ92EGGHSDWAW7XHW3WMZ	AHFO0JTF5WO8J	572	0	5
58PRS3Z3NW04V9Y9FW2ZZTDZXZ4B19AJZE9YRJZ0	A2OY54JKHARPKS	572	0	5
58PRS3Z3NW04V9Y9FW2ZMKGTWP050WZTZDZCFYF0	A1XUMT8PKEPRR1	572	50	5
58PRS3Z3NW04V9Y9FW2Z18SRRVYVEZW2ZVYM69YZ	A15L6WGIK3VU7N	572	0	5
58PRS3Z3NW04V9Y9FW2ZQW8JGCZ46Z0ZZND0Z3BZ	A3POYFULMTNW1H	572	0	5
58PRS3Z3NW04V9Y9FW2Z7HX4PGN5HX2ZP1XS6GVZ	ARQ4J4TLTPBNC	572	0	5
58PRS3Z3NW04V9Y9FW2ZQWYZM2ZTGAR4NQZJSYG0	A39APWH62XBLR9	561	0	11
58PRS3Z3NW04V9Y9FW2ZEZC4Z8ZDATZ4Y1Y8BZ6Z	A1XUURRBT9RYFW	561	0	11
58PRS3Z3NW04V9Y9FW2ZN17ZPYY3N33ZT8ZWYXV0	A3EKIOVCNYJ9BJ	561	0	11
58PRS3Z3NW04V9Y9FW2ZZ8MTRT4YKR3ZZPZB48D0	A3TDUHEBFJ53NM	561	0	11
58PRS3Z3NW04V9Y9FW2ZJ92EGGHSDWAW7XHW3WMZ	AHFO0JTF5WO8J	561	0	11
58PRS3Z3NW04V9Y9FW2ZZTDZXZ4B19AJZE9YRJZ0	A2OY54JKHARPKS	561	0	11
58PRS3Z3NW04V9Y9FW2ZMKGTWP050WZTZDZCFYF0	A1XUMT8PKEPRR1	561	0	11
58PRS3Z3NW04V9Y9FW2Z18SRRVYVEZW2ZVYM69YZ	A15L6WGIK3VU7N	561	0	11
58PRS3Z3NW04V9Y9FW2ZQW8JGCZ46Z0ZZND0Z3BZ	A3POYFULMTNW1H	561	0	11
58PRS3Z3NW04V9Y9FW2Z7HX4PGN5HX2ZP1XS6GVZ	ARQ4J4TLTPBNC	561	0	11
58PRS3Z3NW04V9Y9FW2ZQWYZM2ZTGAR4NQZJSYG0	A39APWH62XBLR9	571	0	0
58PRS3Z3NW04V9Y9FW2ZEZC4Z8ZDATZ4Y1Y8BZ6Z	A1XUURRBT9RYFW	571	0	0
58PRS3Z3NW04V9Y9FW2ZN17ZPYY3N33ZT8ZWYXV0	A3EKIOVCNYJ9BJ	571	0	0
58PRS3Z3NW04V9Y9FW2ZZ8MTRT4YKR3ZZPZB48D0	A3TDUHEBFJ53NM	571	0	0
58PRS3Z3NW04V9Y9FW2ZJ92EGGHSDWAW7XHW3WMZ	AHFO0JTF5WO8J	571	0	0
58PRS3Z3NW04V9Y9FW2ZZTDZXZ4B19AJZE9YRJZ0	A2OY54JKHARPKS	571	0	0
58PRS3Z3NW04V9Y9FW2ZMKGTWP050WZTZDZCFYF0	A1XUMT8PKEPRR1	571	0	0
58PRS3Z3NW04V9Y9FW2Z18SRRVYVEZW2ZVYM69YZ	A15L6WGIK3VU7N	571	0	0
58PRS3Z3NW04V9Y9FW2ZQW8JGCZ46Z0ZZND0Z3BZ	A3POYFULMTNW1H	571	0	0
58PRS3Z3NW04V9Y9FW2Z7HX4PGN5HX2ZP1XS6GVZ	ARQ4J4TLTPBNC	571	0	0
58PRS3Z3NW04V9Y9FW2ZQWYZM2ZTGAR4NQZJSYG0	A39APWH62XBLR9	560	0	6
58PRS3Z3NW04V9Y9FW2ZEZC4Z8ZDATZ4Y1Y8BZ6Z	A1XUURRBT9RYFW	560	5	6
58PRS3Z3NW04V9Y9FW2ZN17ZPYY3N33ZT8ZWYXV0	A3EKIOVCNYJ9BJ	560	0	6
58PRS3Z3NW04V9Y9FW2ZZ8MTRT4YKR3ZZPZB48D0	A3TDUHEBFJ53NM	560	0	6
58PRS3Z3NW04V9Y9FW2ZJ92EGGHSDWAW7XHW3WMZ	AHFO0JTF5WO8J	560	0	6
58PRS3Z3NW04V9Y9FW2ZZTDZXZ4B19AJZE9YRJZ0	A2OY54JKHARPKS	560	0	6
58PRS3Z3NW04V9Y9FW2ZMKGTWP050WZTZDZCFYF0	A1XUMT8PKEPRR1	560	0	6
58PRS3Z3NW04V9Y9FW2Z18SRRVYVEZW2ZVYM69YZ	A15L6WGIK3VU7N	560	0	6
58PRS3Z3NW04V9Y9FW2ZQW8JGCZ46Z0ZZND0Z3BZ	A3POYFULMTNW1H	560	0	6
58PRS3Z3NW04V9Y9FW2Z7HX4PGN5HX2ZP1XS6GVZ	ARQ4J4TLTPBNC	560	0	6
58PRS3Z3NW04V9Y9FW2ZQWYZM2ZTGAR4NQZJSYG0	A39APWH62XBLR9	570	0	0
58PRS3Z3NW04V9Y9FW2ZEZC4Z8ZDATZ4Y1Y8BZ6Z	A1XUURRBT9RYFW	570	0	0
58PRS3Z3NW04V9Y9FW2ZN17ZPYY3N33ZT8ZWYXV0	A3EKIOVCNYJ9BJ	570	0	0
58PRS3Z3NW04V9Y9FW2ZZ8MTRT4YKR3ZZPZB48D0	A3TDUHEBFJ53NM	570	0	0
58PRS3Z3NW04V9Y9FW2ZJ92EGGHSDWAW7XHW3WMZ	AHFO0JTF5WO8J	570	0	0
58PRS3Z3NW04V9Y9FW2ZZTDZXZ4B19AJZE9YRJZ0	A2OY54JKHARPKS	570	00	0
58PRS3Z3NW04V9Y9FW2ZMKGTWP050WZTZDZCFYF0	A1XUMT8PKEPRR1	570	0	0
58PRS3Z3NW04V9Y9FW2Z18SRRVYVEZW2ZVYM69YZ	A15L6WGIK3VU7N	570	0	0
58PRS3Z3NW04V9Y9FW2ZQW8JGCZ46Z0ZZND0Z3BZ	A3POYFULMTNW1H	570	0	0
58PRS3Z3NW04V9Y9FW2Z7HX4PGN5HX2ZP1XS6GVZ	ARQ4J4TLTPBNC	570	0	0
58PRS3Z3NW04V9Y9FW2ZQWYZM2ZTGAR4NQZJSYG0	A39APWH62XBLR9	569	0	8
58PRS3Z3NW04V9Y9FW2ZEZC4Z8ZDATZ4Y1Y8BZ6Z	A1XUURRBT9RYFW	569	0	8
58PRS3Z3NW04V9Y9FW2ZN17ZPYY3N33ZT8ZWYXV0	A3EKIOVCNYJ9BJ	569	0	8
58PRS3Z3NW04V9Y9FW2ZZ8MTRT4YKR3ZZPZB48D0	A3TDUHEBFJ53NM	569	0	8
58PRS3Z3NW04V9Y9FW2ZJ92EGGHSDWAW7XHW3WMZ	AHFO0JTF5WO8J	569	0	8
58PRS3Z3NW04V9Y9FW2ZZTDZXZ4B19AJZE9YRJZ0	A2OY54JKHARPKS	569	0	8
58PRS3Z3NW04V9Y9FW2ZMKGTWP050WZTZDZCFYF0	A1XUMT8PKEPRR1	569	0	8
58PRS3Z3NW04V9Y9FW2Z18SRRVYVEZW2ZVYM69YZ	A15L6WGIK3VU7N	569	0	8
58PRS3Z3NW04V9Y9FW2ZQW8JGCZ46Z0ZZND0Z3BZ	A3POYFULMTNW1H	569	0	8
58PRS3Z3NW04V9Y9FW2Z7HX4PGN5HX2ZP1XS6GVZ	ARQ4J4TLTPBNC	569	0	8
58PRS3Z3NW04V9Y9FW2ZQWYZM2ZTGAR4NQZJSYG0	A39APWH62XBLR9	568	50	77
58PRS3Z3NW04V9Y9FW2ZEZC4Z8ZDATZ4Y1Y8BZ6Z	A1XUURRBT9RYFW	568	5	77
58PRS3Z3NW04V9Y9FW2ZN17ZPYY3N33ZT8ZWYXV0	A3EKIOVCNYJ9BJ	568	10	77
58PRS3Z3NW04V9Y9FW2ZZ8MTRT4YKR3ZZPZB48D0	A3TDUHEBFJ53NM	568	10	77
58PRS3Z3NW04V9Y9FW2ZJ92EGGHSDWAW7XHW3WMZ	AHFO0JTF5WO8J	568	0	77
58PRS3Z3NW04V9Y9FW2ZZTDZXZ4B19AJZE9YRJZ0	A2OY54JKHARPKS	568	10	77
58PRS3Z3NW04V9Y9FW2ZMKGTWP050WZTZDZCFYF0	A1XUMT8PKEPRR1	568	0	77
58PRS3Z3NW04V9Y9FW2Z18SRRVYVEZW2ZVYM69YZ	A15L6WGIK3VU7N	568	0	77
58PRS3Z3NW04V9Y9FW2ZQW8JGCZ46Z0ZZND0Z3BZ	A3POYFULMTNW1H	568	90	77
58PRS3Z3NW04V9Y9FW2Z7HX4PGN5HX2ZP1XS6GVZ	ARQ4J4TLTPBNC	568	0	77
58PRS3Z3NW04V9Y9FW2ZQWYZM2ZTGAR4NQZJSYG0	A39APWH62XBLR9	579	0	17
58PRS3Z3NW04V9Y9FW2ZEZC4Z8ZDATZ4Y1Y8BZ6Z	A1XUURRBT9RYFW	579	0	17
58PRS3Z3NW04V9Y9FW2ZN17ZPYY3N33ZT8ZWYXV0	A3EKIOVCNYJ9BJ	579	0	17
58PRS3Z3NW04V9Y9FW2ZZ8MTRT4YKR3ZZPZB48D0	A3TDUHEBFJ53NM	579	50	17
58PRS3Z3NW04V9Y9FW2ZJ92EGGHSDWAW7XHW3WMZ	AHFO0JTF5WO8J	579	0	17
58PRS3Z3NW04V9Y9FW2ZZTDZXZ4B19AJZE9YRJZ0	A2OY54JKHARPKS	579	10	17
58PRS3Z3NW04V9Y9FW2ZMKGTWP050WZTZDZCFYF0	A1XUMT8PKEPRR1	579	0	17
58PRS3Z3NW04V9Y9FW2Z18SRRVYVEZW2ZVYM69YZ	A15L6WGIK3VU7N	579	20	17
58PRS3Z3NW04V9Y9FW2ZQW8JGCZ46Z0ZZND0Z3BZ	A3POYFULMTNW1H	579	20	17
58PRS3Z3NW04V9Y9FW2Z7HX4PGN5HX2ZP1XS6GVZ	ARQ4J4TLTPBNC	579	0	17
58PRS3Z3NW04V9Y9FW2ZQWYZM2ZTGAR4NQZJSYG0	A39APWH62XBLR9	567	0	0
58PRS3Z3NW04V9Y9FW2ZEZC4Z8ZDATZ4Y1Y8BZ6Z	A1XUURRBT9RYFW	567	0	0
58PRS3Z3NW04V9Y9FW2ZN17ZPYY3N33ZT8ZWYXV0	A3EKIOVCNYJ9BJ	567	0	0
58PRS3Z3NW04V9Y9FW2ZZ8MTRT4YKR3ZZPZB48D0	A3TDUHEBFJ53NM	567	0	0
58PRS3Z3NW04V9Y9FW2ZJ92EGGHSDWAW7XHW3WMZ	AHFO0JTF5WO8J	567	0	0
58PRS3Z3NW04V9Y9FW2ZZTDZXZ4B19AJZE9YRJZ0	A2OY54JKHARPKS	567	0	0
58PRS3Z3NW04V9Y9FW2ZMKGTWP050WZTZDZCFYF0	A1XUMT8PKEPRR1	567	0	0
58PRS3Z3NW04V9Y9FW2Z18SRRVYVEZW2ZVYM69YZ	A15L6WGIK3VU7N	567	0	0
58PRS3Z3NW04V9Y9FW2ZQW8JGCZ46Z0ZZND0Z3BZ	A3POYFULMTNW1H	567	0	0
58PRS3Z3NW04V9Y9FW2Z7HX4PGN5HX2ZP1XS6GVZ	ARQ4J4TLTPBNC	567	0	0
58PRS3Z3NW04V9Y9FW2ZQWYZM2ZTGAR4NQZJSYG0	A39APWH62XBLR9	578	10	49
58PRS3Z3NW04V9Y9FW2ZEZC4Z8ZDATZ4Y1Y8BZ6Z	A1XUURRBT9RYFW	578	25	49
58PRS3Z3NW04V9Y9FW2ZN17ZPYY3N33ZT8ZWYXV0	A3EKIOVCNYJ9BJ	578	20	49
58PRS3Z3NW04V9Y9FW2ZZ8MTRT4YKR3ZZPZB48D0	A3TDUHEBFJ53NM	578	80	49
58PRS3Z3NW04V9Y9FW2ZJ92EGGHSDWAW7XHW3WMZ	AHFO0JTF5WO8J	578	40	49
58PRS3Z3NW04V9Y9FW2ZZTDZXZ4B19AJZE9YRJZ0	A2OY54JKHARPKS	578	20	49
58PRS3Z3NW04V9Y9FW2ZMKGTWP050WZTZDZCFYF0	A1XUMT8PKEPRR1	578	70	49
58PRS3Z3NW04V9Y9FW2Z18SRRVYVEZW2ZVYM69YZ	A15L6WGIK3VU7N	578	20	49
58PRS3Z3NW04V9Y9FW2ZQW8JGCZ46Z0ZZND0Z3BZ	A3POYFULMTNW1H	578	50	49
58PRS3Z3NW04V9Y9FW2Z7HX4PGN5HX2ZP1XS6GVZ	ARQ4J4TLTPBNC	578	100	49
58PRS3Z3NW04V9Y9FW2ZQWYZM2ZTGAR4NQZJSYG0	A39APWH62XBLR9	577	0	19
58PRS3Z3NW04V9Y9FW2ZEZC4Z8ZDATZ4Y1Y8BZ6Z	A1XUURRBT9RYFW	577	0	19
58PRS3Z3NW04V9Y9FW2ZN17ZPYY3N33ZT8ZWYXV0	A3EKIOVCNYJ9BJ	577	0	19
58PRS3Z3NW04V9Y9FW2ZZ8MTRT4YKR3ZZPZB48D0	A3TDUHEBFJ53NM	577	0	19
58PRS3Z3NW04V9Y9FW2ZJ92EGGHSDWAW7XHW3WMZ	AHFO0JTF5WO8J	577	0	19
58PRS3Z3NW04V9Y9FW2ZZTDZXZ4B19AJZE9YRJZ0	A2OY54JKHARPKS	577	0	19
58PRS3Z3NW04V9Y9FW2ZMKGTWP050WZTZDZCFYF0	A1XUMT8PKEPRR1	577	0	19
58PRS3Z3NW04V9Y9FW2Z18SRRVYVEZW2ZVYM69YZ	A15L6WGIK3VU7N	577	0	19
58PRS3Z3NW04V9Y9FW2ZQW8JGCZ46Z0ZZND0Z3BZ	A3POYFULMTNW1H	577	0	19
58PRS3Z3NW04V9Y9FW2Z7HX4PGN5HX2ZP1XS6GVZ	ARQ4J4TLTPBNC	577	0	19
58PRS3Z3NW04V9Y9FW2ZQWYZM2ZTGAR4NQZJSYG0	A39APWH62XBLR9	566	0	0
58PRS3Z3NW04V9Y9FW2ZEZC4Z8ZDATZ4Y1Y8BZ6Z	A1XUURRBT9RYFW	566	0	0
58PRS3Z3NW04V9Y9FW2ZN17ZPYY3N33ZT8ZWYXV0	A3EKIOVCNYJ9BJ	566	0	0
58PRS3Z3NW04V9Y9FW2ZZ8MTRT4YKR3ZZPZB48D0	A3TDUHEBFJ53NM	566	0	0
58PRS3Z3NW04V9Y9FW2ZJ92EGGHSDWAW7XHW3WMZ	AHFO0JTF5WO8J	566	0	0
58PRS3Z3NW04V9Y9FW2ZZTDZXZ4B19AJZE9YRJZ0	A2OY54JKHARPKS	566	0	0
58PRS3Z3NW04V9Y9FW2ZMKGTWP050WZTZDZCFYF0	A1XUMT8PKEPRR1	566	0	0
58PRS3Z3NW04V9Y9FW2Z18SRRVYVEZW2ZVYM69YZ	A15L6WGIK3VU7N	566	0	0
58PRS3Z3NW04V9Y9FW2ZQW8JGCZ46Z0ZZND0Z3BZ	A3POYFULMTNW1H	566	0	0
58PRS3Z3NW04V9Y9FW2Z7HX4PGN5HX2ZP1XS6GVZ	ARQ4J4TLTPBNC	566	0	0
58PRS3Z3NW04V9Y9FW2ZQWYZM2ZTGAR4NQZJSYG0	A39APWH62XBLR9	576	70	18
58PRS3Z3NW04V9Y9FW2ZEZC4Z8ZDATZ4Y1Y8BZ6Z	A1XUURRBT9RYFW	576	90	18
58PRS3Z3NW04V9Y9FW2ZN17ZPYY3N33ZT8ZWYXV0	A3EKIOVCNYJ9BJ	576	0	18
58PRS3Z3NW04V9Y9FW2ZZ8MTRT4YKR3ZZPZB48D0	A3TDUHEBFJ53NM	576	0	18
58PRS3Z3NW04V9Y9FW2ZJ92EGGHSDWAW7XHW3WMZ	AHFO0JTF5WO8J	576	0	18
58PRS3Z3NW04V9Y9FW2ZZTDZXZ4B19AJZE9YRJZ0	A2OY54JKHARPKS	576	25	18
58PRS3Z3NW04V9Y9FW2ZMKGTWP050WZTZDZCFYF0	A1XUMT8PKEPRR1	576	50	18
58PRS3Z3NW04V9Y9FW2Z18SRRVYVEZW2ZVYM69YZ	A15L6WGIK3VU7N	576	20	18
58PRS3Z3NW04V9Y9FW2ZQW8JGCZ46Z0ZZND0Z3BZ	A3POYFULMTNW1H	576	60	18
58PRS3Z3NW04V9Y9FW2Z7HX4PGN5HX2ZP1XS6GVZ	ARQ4J4TLTPBNC	576	100	18
58PRS3Z3NW04V9Y9FW2ZQWYZM2ZTGAR4NQZJSYG0	A39APWH62XBLR9	564	0	0
58PRS3Z3NW04V9Y9FW2ZEZC4Z8ZDATZ4Y1Y8BZ6Z	A1XUURRBT9RYFW	564	0	0
58PRS3Z3NW04V9Y9FW2ZN17ZPYY3N33ZT8ZWYXV0	A3EKIOVCNYJ9BJ	564	0	0
58PRS3Z3NW04V9Y9FW2ZZ8MTRT4YKR3ZZPZB48D0	A3TDUHEBFJ53NM	564	0	0
58PRS3Z3NW04V9Y9FW2ZJ92EGGHSDWAW7XHW3WMZ	AHFO0JTF5WO8J	564	0	0
58PRS3Z3NW04V9Y9FW2ZZTDZXZ4B19AJZE9YRJZ0	A2OY54JKHARPKS	564	0	0
58PRS3Z3NW04V9Y9FW2ZMKGTWP050WZTZDZCFYF0	A1XUMT8PKEPRR1	564	0	0
58PRS3Z3NW04V9Y9FW2Z18SRRVYVEZW2ZVYM69YZ	A15L6WGIK3VU7N	564	0	0
58PRS3Z3NW04V9Y9FW2ZQW8JGCZ46Z0ZZND0Z3BZ	A3POYFULMTNW1H	564	0	0
58PRS3Z3NW04V9Y9FW2Z7HX4PGN5HX2ZP1XS6GVZ	ARQ4J4TLTPBNC	564	0	0
58PRS3Z3NW04V9Y9FW2ZQWYZM2ZTGAR4NQZJSYG0	A39APWH62XBLR9	565	50	84
58PRS3Z3NW04V9Y9FW2ZEZC4Z8ZDATZ4Y1Y8BZ6Z	A1XUURRBT9RYFW	565	50	84
58PRS3Z3NW04V9Y9FW2ZN17ZPYY3N33ZT8ZWYXV0	A3EKIOVCNYJ9BJ	565	30	84
58PRS3Z3NW04V9Y9FW2ZZ8MTRT4YKR3ZZPZB48D0	A3TDUHEBFJ53NM	565	20	84
58PRS3Z3NW04V9Y9FW2ZJ92EGGHSDWAW7XHW3WMZ	AHFO0JTF5WO8J	565	0	84
58PRS3Z3NW04V9Y9FW2ZZTDZXZ4B19AJZE9YRJZ0	A2OY54JKHARPKS	565	30	84
58PRS3Z3NW04V9Y9FW2ZMKGTWP050WZTZDZCFYF0	A1XUMT8PKEPRR1	565	0	84
58PRS3Z3NW04V9Y9FW2Z18SRRVYVEZW2ZVYM69YZ	A15L6WGIK3VU7N	565	6	84
58PRS3Z3NW04V9Y9FW2ZQW8JGCZ46Z0ZZND0Z3BZ	A3POYFULMTNW1H	565	99	84
58PRS3Z3NW04V9Y9FW2Z7HX4PGN5HX2ZP1XS6GVZ	ARQ4J4TLTPBNC	565	100	84
58PRS3Z3NW04V9Y9FW2ZQWYZM2ZTGAR4NQZJSYG0	A39APWH62XBLR9	563	20	48
58PRS3Z3NW04V9Y9FW2ZEZC4Z8ZDATZ4Y1Y8BZ6Z	A1XUURRBT9RYFW	563	10	48
58PRS3Z3NW04V9Y9FW2ZN17ZPYY3N33ZT8ZWYXV0	A3EKIOVCNYJ9BJ	563	10	48
58PRS3Z3NW04V9Y9FW2ZZ8MTRT4YKR3ZZPZB48D0	A3TDUHEBFJ53NM	563	20	48
58PRS3Z3NW04V9Y9FW2ZJ92EGGHSDWAW7XHW3WMZ	AHFO0JTF5WO8J	563	0	48
58PRS3Z3NW04V9Y9FW2ZZTDZXZ4B19AJZE9YRJZ0	A2OY54JKHARPKS	563	0	48
58PRS3Z3NW04V9Y9FW2ZMKGTWP050WZTZDZCFYF0	A1XUMT8PKEPRR1	563	0	48
58PRS3Z3NW04V9Y9FW2Z18SRRVYVEZW2ZVYM69YZ	A15L6WGIK3VU7N	563	5	48
58PRS3Z3NW04V9Y9FW2ZQW8JGCZ46Z0ZZND0Z3BZ	A3POYFULMTNW1H	563	50	48
58PRS3Z3NW04V9Y9FW2Z7HX4PGN5HX2ZP1XS6GVZ	ARQ4J4TLTPBNC	563	100	48
58PRS3Z3NW04V9Y9FW2ZQWYZM2ZTGAR4NQZJSYG0	A39APWH62XBLR9	574	0	33
58PRS3Z3NW04V9Y9FW2ZEZC4Z8ZDATZ4Y1Y8BZ6Z	A1XUURRBT9RYFW	574	5	33
58PRS3Z3NW04V9Y9FW2ZN17ZPYY3N33ZT8ZWYXV0	A3EKIOVCNYJ9BJ	574	0	33
58PRS3Z3NW04V9Y9FW2ZZ8MTRT4YKR3ZZPZB48D0	A3TDUHEBFJ53NM	574	0	33
58PRS3Z3NW04V9Y9FW2ZJ92EGGHSDWAW7XHW3WMZ	AHFO0JTF5WO8J	574	0	33
58PRS3Z3NW04V9Y9FW2ZZTDZXZ4B19AJZE9YRJZ0	A2OY54JKHARPKS	574	0	33
58PRS3Z3NW04V9Y9FW2ZMKGTWP050WZTZDZCFYF0	A1XUMT8PKEPRR1	574	0	33
58PRS3Z3NW04V9Y9FW2Z18SRRVYVEZW2ZVYM69YZ	A15L6WGIK3VU7N	574	5	33
58PRS3Z3NW04V9Y9FW2ZQW8JGCZ46Z0ZZND0Z3BZ	A3POYFULMTNW1H	574	0	33
58PRS3Z3NW04V9Y9FW2Z7HX4PGN5HX2ZP1XS6GVZ	ARQ4J4TLTPBNC	574	100	33
58PRS3Z3NW04V9Y9FW2ZQWYZM2ZTGAR4NQZJSYG0	A39APWH62XBLR9	575	0	0
58PRS3Z3NW04V9Y9FW2ZEZC4Z8ZDATZ4Y1Y8BZ6Z	A1XUURRBT9RYFW	575	0	0
58PRS3Z3NW04V9Y9FW2ZN17ZPYY3N33ZT8ZWYXV0	A3EKIOVCNYJ9BJ	575	0	0
58PRS3Z3NW04V9Y9FW2ZZ8MTRT4YKR3ZZPZB48D0	A3TDUHEBFJ53NM	575	0	0
58PRS3Z3NW04V9Y9FW2ZJ92EGGHSDWAW7XHW3WMZ	AHFO0JTF5WO8J	575	0	0
58PRS3Z3NW04V9Y9FW2ZZTDZXZ4B19AJZE9YRJZ0	A2OY54JKHARPKS	575	0	0
58PRS3Z3NW04V9Y9FW2ZMKGTWP050WZTZDZCFYF0	A1XUMT8PKEPRR1	575	0	0
58PRS3Z3NW04V9Y9FW2Z18SRRVYVEZW2ZVYM69YZ	A15L6WGIK3VU7N	575	0	0
58PRS3Z3NW04V9Y9FW2ZQW8JGCZ46Z0ZZND0Z3BZ	A3POYFULMTNW1H	575	0	0
58PRS3Z3NW04V9Y9FW2Z7HX4PGN5HX2ZP1XS6GVZ	ARQ4J4TLTPBNC	575	0	0
58PRS3Z3NW04V9Y9FW2ZQWYZM2ZTGAR4NQZJSYG0	A39APWH62XBLR9	562	0	28
58PRS3Z3NW04V9Y9FW2ZEZC4Z8ZDATZ4Y1Y8BZ6Z	A1XUURRBT9RYFW	562	10	28
58PRS3Z3NW04V9Y9FW2ZN17ZPYY3N33ZT8ZWYXV0	A3EKIOVCNYJ9BJ	562	0	28
58PRS3Z3NW04V9Y9FW2ZZ8MTRT4YKR3ZZPZB48D0	A3TDUHEBFJ53NM	562	20	28
58PRS3Z3NW04V9Y9FW2ZJ92EGGHSDWAW7XHW3WMZ	AHFO0JTF5WO8J	562	0	28
58PRS3Z3NW04V9Y9FW2ZZTDZXZ4B19AJZE9YRJZ0	A2OY54JKHARPKS	562	00	28
58PRS3Z3NW04V9Y9FW2ZMKGTWP050WZTZDZCFYF0	A1XUMT8PKEPRR1	562	20	28
58PRS3Z3NW04V9Y9FW2Z18SRRVYVEZW2ZVYM69YZ	A15L6WGIK3VU7N	562	0	28
58PRS3Z3NW04V9Y9FW2ZQW8JGCZ46Z0ZZND0Z3BZ	A3POYFULMTNW1H	562	50	28
58PRS3Z3NW04V9Y9FW2Z7HX4PGN5HX2ZP1XS6GVZ	ARQ4J4TLTPBNC	562	0	28
58PRS3Z3NW04V9Y9FW2ZQWYZM2ZTGAR4NQZJSYG0	A39APWH62XBLR9	573	0	0
58PRS3Z3NW04V9Y9FW2ZEZC4Z8ZDATZ4Y1Y8BZ6Z	A1XUURRBT9RYFW	573	0	0
58PRS3Z3NW04V9Y9FW2ZN17ZPYY3N33ZT8ZWYXV0	A3EKIOVCNYJ9BJ	573	0	0
58PRS3Z3NW04V9Y9FW2ZZ8MTRT4YKR3ZZPZB48D0	A3TDUHEBFJ53NM	573	0	0
58PRS3Z3NW04V9Y9FW2ZJ92EGGHSDWAW7XHW3WMZ	AHFO0JTF5WO8J	573	0	0
58PRS3Z3NW04V9Y9FW2ZZTDZXZ4B19AJZE9YRJZ0	A2OY54JKHARPKS	573	0	0
58PRS3Z3NW04V9Y9FW2ZMKGTWP050WZTZDZCFYF0	A1XUMT8PKEPRR1	573	50	0
58PRS3Z3NW04V9Y9FW2Z18SRRVYVEZW2ZVYM69YZ	A15L6WGIK3VU7N	573	0	0
58PRS3Z3NW04V9Y9FW2ZQW8JGCZ46Z0ZZND0Z3BZ	A3POYFULMTNW1H	573	0	0
58PRS3Z3NW04V9Y9FW2Z7HX4PGN5HX2ZP1XS6GVZ	ARQ4J4TLTPBNC	573	0	0
2HF2TVZK7YS2XJW5PG4ZNT9ZH2YXS08MTN84MXC0	A3MZF0DGGS6VEY	550	0	0
2HF2TVZK7YS2XJW5PG4Z0Z7ZY30D1WYZSKR9AHRZ	A1P7VNMICQDNJY	550	0	0
2HF2TVZK7YS2XJW5PG4ZNKBZX9Y20X4G4AZC7KB0	A1A38NLITTAW6C	550	0	0
2HF2TVZK7YS2XJW5PG4Z5YA2ZVY9XWYWWTHCWSMZ	ARPJ3NYNHTA31	550	0	0
2HF2TVZK7YS2XJW5PG4ZDJQEVSXMYZPZZN0MBSB0	A3HA3UOKO2HTOK	550	0	0
2HF2TVZK7YS2XJW5PG4ZTWJZVYHDQXC010YZEBN0	A389Z7A60D4L8I	550	0	0
2HF2TVZK7YS2XJW5PG4Z1XGZZPH0KGVZJ3Y1FW80	A3BD4NONKGONRM	550	0	0
2HF2TVZK7YS2XJW5PG4Z29QZPTMA99HZZ3XVAX40	A15L6WGIK3VU7N	550	0	0
2HF2TVZK7YS2XJW5PG4ZF3HJ30ZDPXXAX9YNQHE0	ARQ4J4TLTPBNC	550	0	0
2HF2TVZK7YS2XJW5PG4Z6WP6JNXVNHXWJW9Z41TZ	A2HNP1YL1IBFMU	550	0	0
2HF2TVZK7YS2XJW5PG4ZNT9ZH2YXS08MTN84MXC0	A3MZF0DGGS6VEY	549	0	0
2HF2TVZK7YS2XJW5PG4Z0Z7ZY30D1WYZSKR9AHRZ	A1P7VNMICQDNJY	549	100	0
2HF2TVZK7YS2XJW5PG4ZNKBZX9Y20X4G4AZC7KB0	A1A38NLITTAW6C	549	99	0
2HF2TVZK7YS2XJW5PG4Z5YA2ZVY9XWYWWTHCWSMZ	ARPJ3NYNHTA31	549	100	0
2HF2TVZK7YS2XJW5PG4ZDJQEVSXMYZPZZN0MBSB0	A3HA3UOKO2HTOK	549	100	0
2HF2TVZK7YS2XJW5PG4ZTWJZVYHDQXC010YZEBN0	A389Z7A60D4L8I	549	20	0
2HF2TVZK7YS2XJW5PG4Z1XGZZPH0KGVZJ3Y1FW80	A3BD4NONKGONRM	549	0	0
2HF2TVZK7YS2XJW5PG4Z29QZPTMA99HZZ3XVAX40	A15L6WGIK3VU7N	549	5	0
2HF2TVZK7YS2XJW5PG4ZF3HJ30ZDPXXAX9YNQHE0	ARQ4J4TLTPBNC	549	100	0
2HF2TVZK7YS2XJW5PG4Z6WP6JNXVNHXWJW9Z41TZ	A2HNP1YL1IBFMU	549	0	0
2HF2TVZK7YS2XJW5PG4ZNT9ZH2YXS08MTN84MXC0	A3MZF0DGGS6VEY	559	0	0
2HF2TVZK7YS2XJW5PG4Z0Z7ZY30D1WYZSKR9AHRZ	A1P7VNMICQDNJY	559	0	0
2HF2TVZK7YS2XJW5PG4ZNKBZX9Y20X4G4AZC7KB0	A1A38NLITTAW6C	559	1	0
2HF2TVZK7YS2XJW5PG4Z5YA2ZVY9XWYWWTHCWSMZ	ARPJ3NYNHTA31	559	0	0
2HF2TVZK7YS2XJW5PG4ZDJQEVSXMYZPZZN0MBSB0	A3HA3UOKO2HTOK	559	0	0
2HF2TVZK7YS2XJW5PG4ZTWJZVYHDQXC010YZEBN0	A389Z7A60D4L8I	559	0	0
2HF2TVZK7YS2XJW5PG4Z1XGZZPH0KGVZJ3Y1FW80	A3BD4NONKGONRM	559	0	0
2HF2TVZK7YS2XJW5PG4Z29QZPTMA99HZZ3XVAX40	A15L6WGIK3VU7N	559	0	0
2HF2TVZK7YS2XJW5PG4ZF3HJ30ZDPXXAX9YNQHE0	ARQ4J4TLTPBNC	559	0	0
2HF2TVZK7YS2XJW5PG4Z6WP6JNXVNHXWJW9Z41TZ	A2HNP1YL1IBFMU	559	0	0
2HF2TVZK7YS2XJW5PG4ZNT9ZH2YXS08MTN84MXC0	A3MZF0DGGS6VEY	548	0	8
2HF2TVZK7YS2XJW5PG4Z0Z7ZY30D1WYZSKR9AHRZ	A1P7VNMICQDNJY	548	0	8
2HF2TVZK7YS2XJW5PG4ZNKBZX9Y20X4G4AZC7KB0	A1A38NLITTAW6C	548	0	8
2HF2TVZK7YS2XJW5PG4Z5YA2ZVY9XWYWWTHCWSMZ	ARPJ3NYNHTA31	548	0	8
2HF2TVZK7YS2XJW5PG4ZDJQEVSXMYZPZZN0MBSB0	A3HA3UOKO2HTOK	548	0	8
2HF2TVZK7YS2XJW5PG4ZTWJZVYHDQXC010YZEBN0	A389Z7A60D4L8I	548	0	8
2HF2TVZK7YS2XJW5PG4Z1XGZZPH0KGVZJ3Y1FW80	A3BD4NONKGONRM	548	0	8
2HF2TVZK7YS2XJW5PG4Z29QZPTMA99HZZ3XVAX40	A15L6WGIK3VU7N	548	0	8
2HF2TVZK7YS2XJW5PG4ZF3HJ30ZDPXXAX9YNQHE0	ARQ4J4TLTPBNC	548	0	8
2HF2TVZK7YS2XJW5PG4Z6WP6JNXVNHXWJW9Z41TZ	A2HNP1YL1IBFMU	548	0	8
2HF2TVZK7YS2XJW5PG4ZNT9ZH2YXS08MTN84MXC0	A3MZF0DGGS6VEY	558	75	6
2HF2TVZK7YS2XJW5PG4Z0Z7ZY30D1WYZSKR9AHRZ	A1P7VNMICQDNJY	558	0	6
2HF2TVZK7YS2XJW5PG4ZNKBZX9Y20X4G4AZC7KB0	A1A38NLITTAW6C	558	8	6
2HF2TVZK7YS2XJW5PG4Z5YA2ZVY9XWYWWTHCWSMZ	ARPJ3NYNHTA31	558	0	6
2HF2TVZK7YS2XJW5PG4ZDJQEVSXMYZPZZN0MBSB0	A3HA3UOKO2HTOK	558	0	6
2HF2TVZK7YS2XJW5PG4ZTWJZVYHDQXC010YZEBN0	A389Z7A60D4L8I	558	0	6
2HF2TVZK7YS2XJW5PG4Z1XGZZPH0KGVZJ3Y1FW80	A3BD4NONKGONRM	558	0	6
2HF2TVZK7YS2XJW5PG4Z29QZPTMA99HZZ3XVAX40	A15L6WGIK3VU7N	558	0	6
2HF2TVZK7YS2XJW5PG4ZF3HJ30ZDPXXAX9YNQHE0	ARQ4J4TLTPBNC	558	0	6
2HF2TVZK7YS2XJW5PG4Z6WP6JNXVNHXWJW9Z41TZ	A2HNP1YL1IBFMU	558	0	6
2HF2TVZK7YS2XJW5PG4ZNT9ZH2YXS08MTN84MXC0	A3MZF0DGGS6VEY	547	0	17
2HF2TVZK7YS2XJW5PG4Z0Z7ZY30D1WYZSKR9AHRZ	A1P7VNMICQDNJY	547	0	17
2HF2TVZK7YS2XJW5PG4ZNKBZX9Y20X4G4AZC7KB0	A1A38NLITTAW6C	547	5	17
2HF2TVZK7YS2XJW5PG4Z5YA2ZVY9XWYWWTHCWSMZ	ARPJ3NYNHTA31	547	0	17
2HF2TVZK7YS2XJW5PG4ZDJQEVSXMYZPZZN0MBSB0	A3HA3UOKO2HTOK	547	0	17
2HF2TVZK7YS2XJW5PG4ZTWJZVYHDQXC010YZEBN0	A389Z7A60D4L8I	547	0	17
2HF2TVZK7YS2XJW5PG4Z1XGZZPH0KGVZJ3Y1FW80	A3BD4NONKGONRM	547	75	17
2HF2TVZK7YS2XJW5PG4Z29QZPTMA99HZZ3XVAX40	A15L6WGIK3VU7N	547	0	17
2HF2TVZK7YS2XJW5PG4ZF3HJ30ZDPXXAX9YNQHE0	ARQ4J4TLTPBNC	547	0	17
2HF2TVZK7YS2XJW5PG4Z6WP6JNXVNHXWJW9Z41TZ	A2HNP1YL1IBFMU	547	0	17
2HF2TVZK7YS2XJW5PG4ZNT9ZH2YXS08MTN84MXC0	A3MZF0DGGS6VEY	546	0	6
2HF2TVZK7YS2XJW5PG4Z0Z7ZY30D1WYZSKR9AHRZ	A1P7VNMICQDNJY	546	0	6
2HF2TVZK7YS2XJW5PG4ZNKBZX9Y20X4G4AZC7KB0	A1A38NLITTAW6C	546	0	6
2HF2TVZK7YS2XJW5PG4Z5YA2ZVY9XWYWWTHCWSMZ	ARPJ3NYNHTA31	546	0	6
2HF2TVZK7YS2XJW5PG4ZDJQEVSXMYZPZZN0MBSB0	A3HA3UOKO2HTOK	546	0	6
2HF2TVZK7YS2XJW5PG4ZTWJZVYHDQXC010YZEBN0	A389Z7A60D4L8I	546	0	6
2HF2TVZK7YS2XJW5PG4Z1XGZZPH0KGVZJ3Y1FW80	A3BD4NONKGONRM	546	0	6
2HF2TVZK7YS2XJW5PG4Z29QZPTMA99HZZ3XVAX40	A15L6WGIK3VU7N	546	0	6
2HF2TVZK7YS2XJW5PG4ZF3HJ30ZDPXXAX9YNQHE0	ARQ4J4TLTPBNC	546	0	6
2HF2TVZK7YS2XJW5PG4Z6WP6JNXVNHXWJW9Z41TZ	A2HNP1YL1IBFMU	546	100	6
2HF2TVZK7YS2XJW5PG4ZNT9ZH2YXS08MTN84MXC0	A3MZF0DGGS6VEY	557	60	26
2HF2TVZK7YS2XJW5PG4Z0Z7ZY30D1WYZSKR9AHRZ	A1P7VNMICQDNJY	557	0	26
2HF2TVZK7YS2XJW5PG4ZNKBZX9Y20X4G4AZC7KB0	A1A38NLITTAW6C	557	15	26
2HF2TVZK7YS2XJW5PG4Z5YA2ZVY9XWYWWTHCWSMZ	ARPJ3NYNHTA31	557	0	26
2HF2TVZK7YS2XJW5PG4ZDJQEVSXMYZPZZN0MBSB0	A3HA3UOKO2HTOK	557	50	26
2HF2TVZK7YS2XJW5PG4ZTWJZVYHDQXC010YZEBN0	A389Z7A60D4L8I	557	10	26
2HF2TVZK7YS2XJW5PG4Z1XGZZPH0KGVZJ3Y1FW80	A3BD4NONKGONRM	557	0	26
2HF2TVZK7YS2XJW5PG4Z29QZPTMA99HZZ3XVAX40	A15L6WGIK3VU7N	557	10	26
2HF2TVZK7YS2XJW5PG4ZF3HJ30ZDPXXAX9YNQHE0	ARQ4J4TLTPBNC	557	100	26
2HF2TVZK7YS2XJW5PG4Z6WP6JNXVNHXWJW9Z41TZ	A2HNP1YL1IBFMU	557	0	26
2HF2TVZK7YS2XJW5PG4ZNT9ZH2YXS08MTN84MXC0	A3MZF0DGGS6VEY	556	0	0
2HF2TVZK7YS2XJW5PG4Z0Z7ZY30D1WYZSKR9AHRZ	A1P7VNMICQDNJY	556	0	0
2HF2TVZK7YS2XJW5PG4ZNKBZX9Y20X4G4AZC7KB0	A1A38NLITTAW6C	556	0	0
2HF2TVZK7YS2XJW5PG4Z5YA2ZVY9XWYWWTHCWSMZ	ARPJ3NYNHTA31	556	0	0
2HF2TVZK7YS2XJW5PG4ZDJQEVSXMYZPZZN0MBSB0	A3HA3UOKO2HTOK	556	0	0
2HF2TVZK7YS2XJW5PG4ZTWJZVYHDQXC010YZEBN0	A389Z7A60D4L8I	556	0	0
2HF2TVZK7YS2XJW5PG4Z1XGZZPH0KGVZJ3Y1FW80	A3BD4NONKGONRM	556	0	0
2HF2TVZK7YS2XJW5PG4Z29QZPTMA99HZZ3XVAX40	A15L6WGIK3VU7N	556	0	0
2HF2TVZK7YS2XJW5PG4ZF3HJ30ZDPXXAX9YNQHE0	ARQ4J4TLTPBNC	556	0	0
2HF2TVZK7YS2XJW5PG4Z6WP6JNXVNHXWJW9Z41TZ	A2HNP1YL1IBFMU	556	0	0
2HF2TVZK7YS2XJW5PG4ZNT9ZH2YXS08MTN84MXC0	A3MZF0DGGS6VEY	545	0	30
2HF2TVZK7YS2XJW5PG4Z0Z7ZY30D1WYZSKR9AHRZ	A1P7VNMICQDNJY	545	100	30
2HF2TVZK7YS2XJW5PG4ZNKBZX9Y20X4G4AZC7KB0	A1A38NLITTAW6C	545	65	30
2HF2TVZK7YS2XJW5PG4Z5YA2ZVY9XWYWWTHCWSMZ	ARPJ3NYNHTA31	545	0	30
2HF2TVZK7YS2XJW5PG4ZDJQEVSXMYZPZZN0MBSB0	A3HA3UOKO2HTOK	545	50	30
2HF2TVZK7YS2XJW5PG4ZTWJZVYHDQXC010YZEBN0	A389Z7A60D4L8I	545	0	30
2HF2TVZK7YS2XJW5PG4Z1XGZZPH0KGVZJ3Y1FW80	A3BD4NONKGONRM	545	0	30
2HF2TVZK7YS2XJW5PG4Z29QZPTMA99HZZ3XVAX40	A15L6WGIK3VU7N	545	5	30
2HF2TVZK7YS2XJW5PG4ZF3HJ30ZDPXXAX9YNQHE0	ARQ4J4TLTPBNC	545	0	30
2HF2TVZK7YS2XJW5PG4Z6WP6JNXVNHXWJW9Z41TZ	A2HNP1YL1IBFMU	545	0	30
2HF2TVZK7YS2XJW5PG4ZNT9ZH2YXS08MTN84MXC0	A3MZF0DGGS6VEY	544	0	30
2HF2TVZK7YS2XJW5PG4Z0Z7ZY30D1WYZSKR9AHRZ	A1P7VNMICQDNJY	544	70	30
2HF2TVZK7YS2XJW5PG4ZNKBZX9Y20X4G4AZC7KB0	A1A38NLITTAW6C	544	0	30
2HF2TVZK7YS2XJW5PG4Z5YA2ZVY9XWYWWTHCWSMZ	ARPJ3NYNHTA31	544	0	30
2HF2TVZK7YS2XJW5PG4ZDJQEVSXMYZPZZN0MBSB0	A3HA3UOKO2HTOK	544	0	30
2HF2TVZK7YS2XJW5PG4ZTWJZVYHDQXC010YZEBN0	A389Z7A60D4L8I	544	0	30
2HF2TVZK7YS2XJW5PG4Z1XGZZPH0KGVZJ3Y1FW80	A3BD4NONKGONRM	544	0	30
2HF2TVZK7YS2XJW5PG4Z29QZPTMA99HZZ3XVAX40	A15L6WGIK3VU7N	544	0	30
2HF2TVZK7YS2XJW5PG4ZF3HJ30ZDPXXAX9YNQHE0	ARQ4J4TLTPBNC	544	0	30
2HF2TVZK7YS2XJW5PG4Z6WP6JNXVNHXWJW9Z41TZ	A2HNP1YL1IBFMU	544	0	30
2HF2TVZK7YS2XJW5PG4ZNT9ZH2YXS08MTN84MXC0	A3MZF0DGGS6VEY	555	0	0
2HF2TVZK7YS2XJW5PG4Z0Z7ZY30D1WYZSKR9AHRZ	A1P7VNMICQDNJY	555	0	0
2HF2TVZK7YS2XJW5PG4ZNKBZX9Y20X4G4AZC7KB0	A1A38NLITTAW6C	555	30	0
2HF2TVZK7YS2XJW5PG4Z5YA2ZVY9XWYWWTHCWSMZ	ARPJ3NYNHTA31	555	0	0
2HF2TVZK7YS2XJW5PG4ZDJQEVSXMYZPZZN0MBSB0	A3HA3UOKO2HTOK	555	0	0
2HF2TVZK7YS2XJW5PG4ZTWJZVYHDQXC010YZEBN0	A389Z7A60D4L8I	555	0	0
2HF2TVZK7YS2XJW5PG4Z1XGZZPH0KGVZJ3Y1FW80	A3BD4NONKGONRM	555	0	0
2HF2TVZK7YS2XJW5PG4Z29QZPTMA99HZZ3XVAX40	A15L6WGIK3VU7N	555	0	0
2HF2TVZK7YS2XJW5PG4ZF3HJ30ZDPXXAX9YNQHE0	ARQ4J4TLTPBNC	555	0	0
2HF2TVZK7YS2XJW5PG4Z6WP6JNXVNHXWJW9Z41TZ	A2HNP1YL1IBFMU	555	0	0
2HF2TVZK7YS2XJW5PG4ZNT9ZH2YXS08MTN84MXC0	A3MZF0DGGS6VEY	554	0	46
2HF2TVZK7YS2XJW5PG4Z0Z7ZY30D1WYZSKR9AHRZ	A1P7VNMICQDNJY	554	100	46
2HF2TVZK7YS2XJW5PG4ZNKBZX9Y20X4G4AZC7KB0	A1A38NLITTAW6C	554	0	46
2HF2TVZK7YS2XJW5PG4Z5YA2ZVY9XWYWWTHCWSMZ	ARPJ3NYNHTA31	554	50	46
2HF2TVZK7YS2XJW5PG4ZDJQEVSXMYZPZZN0MBSB0	A3HA3UOKO2HTOK	554	50	46
2HF2TVZK7YS2XJW5PG4ZTWJZVYHDQXC010YZEBN0	A389Z7A60D4L8I	554	30	46
2HF2TVZK7YS2XJW5PG4Z1XGZZPH0KGVZJ3Y1FW80	A3BD4NONKGONRM	554	50	46
2HF2TVZK7YS2XJW5PG4Z29QZPTMA99HZZ3XVAX40	A15L6WGIK3VU7N	554	35	46
2HF2TVZK7YS2XJW5PG4ZF3HJ30ZDPXXAX9YNQHE0	ARQ4J4TLTPBNC	554	0	46
2HF2TVZK7YS2XJW5PG4Z6WP6JNXVNHXWJW9Z41TZ	A2HNP1YL1IBFMU	554	100	46
2HF2TVZK7YS2XJW5PG4ZNT9ZH2YXS08MTN84MXC0	A3MZF0DGGS6VEY	543	0	3
2HF2TVZK7YS2XJW5PG4Z0Z7ZY30D1WYZSKR9AHRZ	A1P7VNMICQDNJY	543	0	3
2HF2TVZK7YS2XJW5PG4ZNKBZX9Y20X4G4AZC7KB0	A1A38NLITTAW6C	543	2	3
2HF2TVZK7YS2XJW5PG4Z5YA2ZVY9XWYWWTHCWSMZ	ARPJ3NYNHTA31	543	0	3
2HF2TVZK7YS2XJW5PG4ZDJQEVSXMYZPZZN0MBSB0	A3HA3UOKO2HTOK	543	0	3
2HF2TVZK7YS2XJW5PG4ZTWJZVYHDQXC010YZEBN0	A389Z7A60D4L8I	543	0	3
2HF2TVZK7YS2XJW5PG4Z1XGZZPH0KGVZJ3Y1FW80	A3BD4NONKGONRM	543	0	3
2HF2TVZK7YS2XJW5PG4Z29QZPTMA99HZZ3XVAX40	A15L6WGIK3VU7N	543	0	3
2HF2TVZK7YS2XJW5PG4ZF3HJ30ZDPXXAX9YNQHE0	ARQ4J4TLTPBNC	543	0	3
2HF2TVZK7YS2XJW5PG4Z6WP6JNXVNHXWJW9Z41TZ	A2HNP1YL1IBFMU	543	0	3
2HF2TVZK7YS2XJW5PG4ZNT9ZH2YXS08MTN84MXC0	A3MZF0DGGS6VEY	553	0	6
2HF2TVZK7YS2XJW5PG4Z0Z7ZY30D1WYZSKR9AHRZ	A1P7VNMICQDNJY	553	0	6
2HF2TVZK7YS2XJW5PG4ZNKBZX9Y20X4G4AZC7KB0	A1A38NLITTAW6C	553	5	6
2HF2TVZK7YS2XJW5PG4Z5YA2ZVY9XWYWWTHCWSMZ	ARPJ3NYNHTA31	553	0	6
2HF2TVZK7YS2XJW5PG4ZDJQEVSXMYZPZZN0MBSB0	A3HA3UOKO2HTOK	553	20	6
2HF2TVZK7YS2XJW5PG4ZTWJZVYHDQXC010YZEBN0	A389Z7A60D4L8I	553	0	6
2HF2TVZK7YS2XJW5PG4Z1XGZZPH0KGVZJ3Y1FW80	A3BD4NONKGONRM	553	0	6
2HF2TVZK7YS2XJW5PG4Z29QZPTMA99HZZ3XVAX40	A15L6WGIK3VU7N	553	0	6
2HF2TVZK7YS2XJW5PG4ZF3HJ30ZDPXXAX9YNQHE0	ARQ4J4TLTPBNC	553	0	6
2HF2TVZK7YS2XJW5PG4Z6WP6JNXVNHXWJW9Z41TZ	A2HNP1YL1IBFMU	553	0	6
2HF2TVZK7YS2XJW5PG4ZNT9ZH2YXS08MTN84MXC0	A3MZF0DGGS6VEY	542	0	0
2HF2TVZK7YS2XJW5PG4Z0Z7ZY30D1WYZSKR9AHRZ	A1P7VNMICQDNJY	542	0	0
2HF2TVZK7YS2XJW5PG4ZNKBZX9Y20X4G4AZC7KB0	A1A38NLITTAW6C	542	0	0
2HF2TVZK7YS2XJW5PG4Z5YA2ZVY9XWYWWTHCWSMZ	ARPJ3NYNHTA31	542	0	0
2HF2TVZK7YS2XJW5PG4ZDJQEVSXMYZPZZN0MBSB0	A3HA3UOKO2HTOK	542	0	0
2HF2TVZK7YS2XJW5PG4ZTWJZVYHDQXC010YZEBN0	A389Z7A60D4L8I	542	0	0
2HF2TVZK7YS2XJW5PG4Z1XGZZPH0KGVZJ3Y1FW80	A3BD4NONKGONRM	542	0	0
2HF2TVZK7YS2XJW5PG4Z29QZPTMA99HZZ3XVAX40	A15L6WGIK3VU7N	542	0	0
2HF2TVZK7YS2XJW5PG4ZF3HJ30ZDPXXAX9YNQHE0	ARQ4J4TLTPBNC	542	0	0
2HF2TVZK7YS2XJW5PG4Z6WP6JNXVNHXWJW9Z41TZ	A2HNP1YL1IBFMU	542	0	0
2HF2TVZK7YS2XJW5PG4ZNT9ZH2YXS08MTN84MXC0	A3MZF0DGGS6VEY	552	0	0
2HF2TVZK7YS2XJW5PG4Z0Z7ZY30D1WYZSKR9AHRZ	A1P7VNMICQDNJY	552	0	0
2HF2TVZK7YS2XJW5PG4ZNKBZX9Y20X4G4AZC7KB0	A1A38NLITTAW6C	552	0	0
2HF2TVZK7YS2XJW5PG4Z5YA2ZVY9XWYWWTHCWSMZ	ARPJ3NYNHTA31	552	0	0
2HF2TVZK7YS2XJW5PG4ZDJQEVSXMYZPZZN0MBSB0	A3HA3UOKO2HTOK	552	0	0
2HF2TVZK7YS2XJW5PG4ZTWJZVYHDQXC010YZEBN0	A389Z7A60D4L8I	552	0	0
2HF2TVZK7YS2XJW5PG4Z1XGZZPH0KGVZJ3Y1FW80	A3BD4NONKGONRM	552	0	0
2HF2TVZK7YS2XJW5PG4Z29QZPTMA99HZZ3XVAX40	A15L6WGIK3VU7N	552	0	0
2HF2TVZK7YS2XJW5PG4ZF3HJ30ZDPXXAX9YNQHE0	ARQ4J4TLTPBNC	552	0	0
2HF2TVZK7YS2XJW5PG4Z6WP6JNXVNHXWJW9Z41TZ	A2HNP1YL1IBFMU	552	0	0
2HF2TVZK7YS2XJW5PG4ZNT9ZH2YXS08MTN84MXC0	A3MZF0DGGS6VEY	541	0	5
2HF2TVZK7YS2XJW5PG4Z0Z7ZY30D1WYZSKR9AHRZ	A1P7VNMICQDNJY	541	0	5
2HF2TVZK7YS2XJW5PG4ZNKBZX9Y20X4G4AZC7KB0	A1A38NLITTAW6C	541	0	5
2HF2TVZK7YS2XJW5PG4Z5YA2ZVY9XWYWWTHCWSMZ	ARPJ3NYNHTA31	541	0	5
2HF2TVZK7YS2XJW5PG4ZDJQEVSXMYZPZZN0MBSB0	A3HA3UOKO2HTOK	541	0	5
2HF2TVZK7YS2XJW5PG4ZTWJZVYHDQXC010YZEBN0	A389Z7A60D4L8I	541	0	5
2HF2TVZK7YS2XJW5PG4Z1XGZZPH0KGVZJ3Y1FW80	A3BD4NONKGONRM	541	0	5
2HF2TVZK7YS2XJW5PG4Z29QZPTMA99HZZ3XVAX40	A15L6WGIK3VU7N	541	0	5
2HF2TVZK7YS2XJW5PG4ZF3HJ30ZDPXXAX9YNQHE0	ARQ4J4TLTPBNC	541	0	5
2HF2TVZK7YS2XJW5PG4Z6WP6JNXVNHXWJW9Z41TZ	A2HNP1YL1IBFMU	541	0	5
2HF2TVZK7YS2XJW5PG4ZNT9ZH2YXS08MTN84MXC0	A3MZF0DGGS6VEY	540	0	0
2HF2TVZK7YS2XJW5PG4Z0Z7ZY30D1WYZSKR9AHRZ	A1P7VNMICQDNJY	540	0	0
2HF2TVZK7YS2XJW5PG4ZNKBZX9Y20X4G4AZC7KB0	A1A38NLITTAW6C	540	0	0
2HF2TVZK7YS2XJW5PG4Z5YA2ZVY9XWYWWTHCWSMZ	ARPJ3NYNHTA31	540	0	0
2HF2TVZK7YS2XJW5PG4ZDJQEVSXMYZPZZN0MBSB0	A3HA3UOKO2HTOK	540	0	0
2HF2TVZK7YS2XJW5PG4ZTWJZVYHDQXC010YZEBN0	A389Z7A60D4L8I	540	0	0
2HF2TVZK7YS2XJW5PG4Z1XGZZPH0KGVZJ3Y1FW80	A3BD4NONKGONRM	540	0	0
2HF2TVZK7YS2XJW5PG4Z29QZPTMA99HZZ3XVAX40	A15L6WGIK3VU7N	540	0	0
2HF2TVZK7YS2XJW5PG4ZF3HJ30ZDPXXAX9YNQHE0	ARQ4J4TLTPBNC	540	0	0
2HF2TVZK7YS2XJW5PG4Z6WP6JNXVNHXWJW9Z41TZ	A2HNP1YL1IBFMU	540	0	0
2HF2TVZK7YS2XJW5PG4ZNT9ZH2YXS08MTN84MXC0	A3MZF0DGGS6VEY	551	10	82
2HF2TVZK7YS2XJW5PG4Z0Z7ZY30D1WYZSKR9AHRZ	A1P7VNMICQDNJY	551	40	82
2HF2TVZK7YS2XJW5PG4ZNKBZX9Y20X4G4AZC7KB0	A1A38NLITTAW6C	551	45	82
2HF2TVZK7YS2XJW5PG4Z5YA2ZVY9XWYWWTHCWSMZ	ARPJ3NYNHTA31	551	30	82
2HF2TVZK7YS2XJW5PG4ZDJQEVSXMYZPZZN0MBSB0	A3HA3UOKO2HTOK	551	40	82
2HF2TVZK7YS2XJW5PG4ZTWJZVYHDQXC010YZEBN0	A389Z7A60D4L8I	551	20	82
2HF2TVZK7YS2XJW5PG4Z1XGZZPH0KGVZJ3Y1FW80	A3BD4NONKGONRM	551	0	82
2HF2TVZK7YS2XJW5PG4Z29QZPTMA99HZZ3XVAX40	A15L6WGIK3VU7N	551	50	82
2HF2TVZK7YS2XJW5PG4ZF3HJ30ZDPXXAX9YNQHE0	ARQ4J4TLTPBNC	551	0	82
2HF2TVZK7YS2XJW5PG4Z6WP6JNXVNHXWJW9Z41TZ	A2HNP1YL1IBFMU	551	100	82
YW9ZZVMYWH5Z35Y661EZXY8Z5SZE2RMZS8Y6EZM0	A18WNE09USHJSG	529	0	0
YW9ZZVMYWH5Z35Y661EZ3K0ZS9Y19H4ZTJY17XZZ	AHFO0JTF5WO8J	529	0	0
YW9ZZVMYWH5Z35Y661EZEZ1ZT2YRJK82P0407R90	ALHOGP0VKKGM3	529	69	0
YW9ZZVMYWH5Z35Y661EZ3HNZY8HYWXPZGDY9FG6Z	AMJY7CKRBEI2A	529	0	0
YW9ZZVMYWH5Z35Y661EZNSBZW8ZH8XPM13HSEYMZ	A2LRADB3KFT2AO	529	0	0
YW9ZZVMYWH5Z35Y661EZ9WWZNRZHHTKTYBZ3Y9M0	A15L6WGIK3VU7N	529	0	0
YW9ZZVMYWH5Z35Y661EZ1ZDYVCYTV89ZH9ZDJW90	A8ERQT8X2HQPK	529	20	0
YW9ZZVMYWH5Z35Y661EZDKZZV8GDXW126F8MGZBZ	ARQ4J4TLTPBNC	529	0	0
YW9ZZVMYWH5Z35Y661EZGZMZ5PDC1GN0NV0XZX6Z	A1DCEOFAUIDY58	529	10	0
YW9ZZVMYWH5Z35Y661EZ1Z3C7VCCYYBZJV8BAKTZ	AZ209ZYWRSIUG	529	0	0
YW9ZZVMYWH5Z35Y661EZXY8Z5SZE2RMZS8Y6EZM0	A18WNE09USHJSG	539	10	0
YW9ZZVMYWH5Z35Y661EZ3K0ZS9Y19H4ZTJY17XZZ	AHFO0JTF5WO8J	539	20	0
YW9ZZVMYWH5Z35Y661EZEZ1ZT2YRJK82P0407R90	ALHOGP0VKKGM3	539	0	0
YW9ZZVMYWH5Z35Y661EZ3HNZY8HYWXPZGDY9FG6Z	AMJY7CKRBEI2A	539	20	0
YW9ZZVMYWH5Z35Y661EZNSBZW8ZH8XPM13HSEYMZ	A2LRADB3KFT2AO	539	75	0
YW9ZZVMYWH5Z35Y661EZ9WWZNRZHHTKTYBZ3Y9M0	A15L6WGIK3VU7N	539	0	0
YW9ZZVMYWH5Z35Y661EZ1ZDYVCYTV89ZH9ZDJW90	A8ERQT8X2HQPK	539	0	0
YW9ZZVMYWH5Z35Y661EZDKZZV8GDXW126F8MGZBZ	ARQ4J4TLTPBNC	539	0	0
YW9ZZVMYWH5Z35Y661EZGZMZ5PDC1GN0NV0XZX6Z	A1DCEOFAUIDY58	539	0	0
YW9ZZVMYWH5Z35Y661EZ1Z3C7VCCYYBZJV8BAKTZ	AZ209ZYWRSIUG	539	0	0
YW9ZZVMYWH5Z35Y661EZXY8Z5SZE2RMZS8Y6EZM0	A18WNE09USHJSG	528	25	0
YW9ZZVMYWH5Z35Y661EZ3K0ZS9Y19H4ZTJY17XZZ	AHFO0JTF5WO8J	528	40	0
YW9ZZVMYWH5Z35Y661EZEZ1ZT2YRJK82P0407R90	ALHOGP0VKKGM3	528	16	0
YW9ZZVMYWH5Z35Y661EZ3HNZY8HYWXPZGDY9FG6Z	AMJY7CKRBEI2A	528	0	0
YW9ZZVMYWH5Z35Y661EZNSBZW8ZH8XPM13HSEYMZ	A2LRADB3KFT2AO	528	0	0
YW9ZZVMYWH5Z35Y661EZ9WWZNRZHHTKTYBZ3Y9M0	A15L6WGIK3VU7N	528	0	0
YW9ZZVMYWH5Z35Y661EZ1ZDYVCYTV89ZH9ZDJW90	A8ERQT8X2HQPK	528	50	0
YW9ZZVMYWH5Z35Y661EZDKZZV8GDXW126F8MGZBZ	ARQ4J4TLTPBNC	528	100	0
YW9ZZVMYWH5Z35Y661EZGZMZ5PDC1GN0NV0XZX6Z	A1DCEOFAUIDY58	528	100	0
YW9ZZVMYWH5Z35Y661EZ1Z3C7VCCYYBZJV8BAKTZ	AZ209ZYWRSIUG	528	10	0
YW9ZZVMYWH5Z35Y661EZXY8Z5SZE2RMZS8Y6EZM0	A18WNE09USHJSG	538	0	0
YW9ZZVMYWH5Z35Y661EZ3K0ZS9Y19H4ZTJY17XZZ	AHFO0JTF5WO8J	538	0	0
YW9ZZVMYWH5Z35Y661EZEZ1ZT2YRJK82P0407R90	ALHOGP0VKKGM3	538	0	0
YW9ZZVMYWH5Z35Y661EZ3HNZY8HYWXPZGDY9FG6Z	AMJY7CKRBEI2A	538	0	0
YW9ZZVMYWH5Z35Y661EZNSBZW8ZH8XPM13HSEYMZ	A2LRADB3KFT2AO	538	0	0
YW9ZZVMYWH5Z35Y661EZ9WWZNRZHHTKTYBZ3Y9M0	A15L6WGIK3VU7N	538	0	0
YW9ZZVMYWH5Z35Y661EZ1ZDYVCYTV89ZH9ZDJW90	A8ERQT8X2HQPK	538	0	0
YW9ZZVMYWH5Z35Y661EZDKZZV8GDXW126F8MGZBZ	ARQ4J4TLTPBNC	538	0	0
YW9ZZVMYWH5Z35Y661EZGZMZ5PDC1GN0NV0XZX6Z	A1DCEOFAUIDY58	538	0	0
YW9ZZVMYWH5Z35Y661EZ1Z3C7VCCYYBZJV8BAKTZ	AZ209ZYWRSIUG	538	0	0
YW9ZZVMYWH5Z35Y661EZXY8Z5SZE2RMZS8Y6EZM0	A18WNE09USHJSG	537	0	24
YW9ZZVMYWH5Z35Y661EZ3K0ZS9Y19H4ZTJY17XZZ	AHFO0JTF5WO8J	537	0	24
YW9ZZVMYWH5Z35Y661EZEZ1ZT2YRJK82P0407R90	ALHOGP0VKKGM3	537	0	24
YW9ZZVMYWH5Z35Y661EZ3HNZY8HYWXPZGDY9FG6Z	AMJY7CKRBEI2A	537	0	24
YW9ZZVMYWH5Z35Y661EZNSBZW8ZH8XPM13HSEYMZ	A2LRADB3KFT2AO	537	0	24
YW9ZZVMYWH5Z35Y661EZ9WWZNRZHHTKTYBZ3Y9M0	A15L6WGIK3VU7N	537	0	24
YW9ZZVMYWH5Z35Y661EZ1ZDYVCYTV89ZH9ZDJW90	A8ERQT8X2HQPK	537	0	24
YW9ZZVMYWH5Z35Y661EZDKZZV8GDXW126F8MGZBZ	ARQ4J4TLTPBNC	537	0	24
YW9ZZVMYWH5Z35Y661EZGZMZ5PDC1GN0NV0XZX6Z	A1DCEOFAUIDY58	537	0	24
YW9ZZVMYWH5Z35Y661EZ1Z3C7VCCYYBZJV8BAKTZ	AZ209ZYWRSIUG	537	0	24
YW9ZZVMYWH5Z35Y661EZXY8Z5SZE2RMZS8Y6EZM0	A18WNE09USHJSG	527	25	0
YW9ZZVMYWH5Z35Y661EZ3K0ZS9Y19H4ZTJY17XZZ	AHFO0JTF5WO8J	527	0	0
YW9ZZVMYWH5Z35Y661EZEZ1ZT2YRJK82P0407R90	ALHOGP0VKKGM3	527	5	0
YW9ZZVMYWH5Z35Y661EZ3HNZY8HYWXPZGDY9FG6Z	AMJY7CKRBEI2A	527	0	0
YW9ZZVMYWH5Z35Y661EZNSBZW8ZH8XPM13HSEYMZ	A2LRADB3KFT2AO	527	0	0
YW9ZZVMYWH5Z35Y661EZ9WWZNRZHHTKTYBZ3Y9M0	A15L6WGIK3VU7N	527	0	0
YW9ZZVMYWH5Z35Y661EZ1ZDYVCYTV89ZH9ZDJW90	A8ERQT8X2HQPK	527	0	0
YW9ZZVMYWH5Z35Y661EZDKZZV8GDXW126F8MGZBZ	ARQ4J4TLTPBNC	527	0	0
YW9ZZVMYWH5Z35Y661EZGZMZ5PDC1GN0NV0XZX6Z	A1DCEOFAUIDY58	527	0	0
YW9ZZVMYWH5Z35Y661EZ1Z3C7VCCYYBZJV8BAKTZ	AZ209ZYWRSIUG	527	0	0
YW9ZZVMYWH5Z35Y661EZXY8Z5SZE2RMZS8Y6EZM0	A18WNE09USHJSG	536	0	0
YW9ZZVMYWH5Z35Y661EZ3K0ZS9Y19H4ZTJY17XZZ	AHFO0JTF5WO8J	536	0	0
YW9ZZVMYWH5Z35Y661EZEZ1ZT2YRJK82P0407R90	ALHOGP0VKKGM3	536	3	0
YW9ZZVMYWH5Z35Y661EZ3HNZY8HYWXPZGDY9FG6Z	AMJY7CKRBEI2A	536	0	0
YW9ZZVMYWH5Z35Y661EZNSBZW8ZH8XPM13HSEYMZ	A2LRADB3KFT2AO	536	0	0
YW9ZZVMYWH5Z35Y661EZ9WWZNRZHHTKTYBZ3Y9M0	A15L6WGIK3VU7N	536	0	0
YW9ZZVMYWH5Z35Y661EZ1ZDYVCYTV89ZH9ZDJW90	A8ERQT8X2HQPK	536	0	0
YW9ZZVMYWH5Z35Y661EZDKZZV8GDXW126F8MGZBZ	ARQ4J4TLTPBNC	536	0	0
YW9ZZVMYWH5Z35Y661EZGZMZ5PDC1GN0NV0XZX6Z	A1DCEOFAUIDY58	536	0	0
YW9ZZVMYWH5Z35Y661EZ1Z3C7VCCYYBZJV8BAKTZ	AZ209ZYWRSIUG	536	0	0
YW9ZZVMYWH5Z35Y661EZXY8Z5SZE2RMZS8Y6EZM0	A18WNE09USHJSG	526	10	0
YW9ZZVMYWH5Z35Y661EZ3K0ZS9Y19H4ZTJY17XZZ	AHFO0JTF5WO8J	526	0	0
YW9ZZVMYWH5Z35Y661EZEZ1ZT2YRJK82P0407R90	ALHOGP0VKKGM3	526	5	0
YW9ZZVMYWH5Z35Y661EZ3HNZY8HYWXPZGDY9FG6Z	AMJY7CKRBEI2A	526	0	0
YW9ZZVMYWH5Z35Y661EZNSBZW8ZH8XPM13HSEYMZ	A2LRADB3KFT2AO	526	0	0
YW9ZZVMYWH5Z35Y661EZ9WWZNRZHHTKTYBZ3Y9M0	A15L6WGIK3VU7N	526	0	0
YW9ZZVMYWH5Z35Y661EZ1ZDYVCYTV89ZH9ZDJW90	A8ERQT8X2HQPK	526	25	0
YW9ZZVMYWH5Z35Y661EZDKZZV8GDXW126F8MGZBZ	ARQ4J4TLTPBNC	526	0	0
YW9ZZVMYWH5Z35Y661EZGZMZ5PDC1GN0NV0XZX6Z	A1DCEOFAUIDY58	526	0	0
YW9ZZVMYWH5Z35Y661EZ1Z3C7VCCYYBZJV8BAKTZ	AZ209ZYWRSIUG	526	0	0
YW9ZZVMYWH5Z35Y661EZXY8Z5SZE2RMZS8Y6EZM0	A18WNE09USHJSG	535	25	3
YW9ZZVMYWH5Z35Y661EZ3K0ZS9Y19H4ZTJY17XZZ	AHFO0JTF5WO8J	535	0	3
YW9ZZVMYWH5Z35Y661EZEZ1ZT2YRJK82P0407R90	ALHOGP0VKKGM3	535	0	3
YW9ZZVMYWH5Z35Y661EZ3HNZY8HYWXPZGDY9FG6Z	AMJY7CKRBEI2A	535	0	3
YW9ZZVMYWH5Z35Y661EZNSBZW8ZH8XPM13HSEYMZ	A2LRADB3KFT2AO	535	0	3
YW9ZZVMYWH5Z35Y661EZ9WWZNRZHHTKTYBZ3Y9M0	A15L6WGIK3VU7N	535	0	3
YW9ZZVMYWH5Z35Y661EZ1ZDYVCYTV89ZH9ZDJW90	A8ERQT8X2HQPK	535	0	3
YW9ZZVMYWH5Z35Y661EZDKZZV8GDXW126F8MGZBZ	ARQ4J4TLTPBNC	535	0	3
YW9ZZVMYWH5Z35Y661EZGZMZ5PDC1GN0NV0XZX6Z	A1DCEOFAUIDY58	535	0	3
YW9ZZVMYWH5Z35Y661EZ1Z3C7VCCYYBZJV8BAKTZ	AZ209ZYWRSIUG	535	0	3
YW9ZZVMYWH5Z35Y661EZXY8Z5SZE2RMZS8Y6EZM0	A18WNE09USHJSG	525	0	0
YW9ZZVMYWH5Z35Y661EZ3K0ZS9Y19H4ZTJY17XZZ	AHFO0JTF5WO8J	525	0	0
YW9ZZVMYWH5Z35Y661EZEZ1ZT2YRJK82P0407R90	ALHOGP0VKKGM3	525	45	0
YW9ZZVMYWH5Z35Y661EZ3HNZY8HYWXPZGDY9FG6Z	AMJY7CKRBEI2A	525	0	0
YW9ZZVMYWH5Z35Y661EZNSBZW8ZH8XPM13HSEYMZ	A2LRADB3KFT2AO	525	0	0
YW9ZZVMYWH5Z35Y661EZ9WWZNRZHHTKTYBZ3Y9M0	A15L6WGIK3VU7N	525	0	0
YW9ZZVMYWH5Z35Y661EZ1ZDYVCYTV89ZH9ZDJW90	A8ERQT8X2HQPK	525	0	0
YW9ZZVMYWH5Z35Y661EZDKZZV8GDXW126F8MGZBZ	ARQ4J4TLTPBNC	525	0	0
YW9ZZVMYWH5Z35Y661EZGZMZ5PDC1GN0NV0XZX6Z	A1DCEOFAUIDY58	525	0	0
YW9ZZVMYWH5Z35Y661EZ1Z3C7VCCYYBZJV8BAKTZ	AZ209ZYWRSIUG	525	0	0
YW9ZZVMYWH5Z35Y661EZXY8Z5SZE2RMZS8Y6EZM0	A18WNE09USHJSG	524	0	0
YW9ZZVMYWH5Z35Y661EZ3K0ZS9Y19H4ZTJY17XZZ	AHFO0JTF5WO8J	524	0	0
YW9ZZVMYWH5Z35Y661EZEZ1ZT2YRJK82P0407R90	ALHOGP0VKKGM3	524	45	0
YW9ZZVMYWH5Z35Y661EZ3HNZY8HYWXPZGDY9FG6Z	AMJY7CKRBEI2A	524	0	0
YW9ZZVMYWH5Z35Y661EZNSBZW8ZH8XPM13HSEYMZ	A2LRADB3KFT2AO	524	0	0
YW9ZZVMYWH5Z35Y661EZ9WWZNRZHHTKTYBZ3Y9M0	A15L6WGIK3VU7N	524	0	0
YW9ZZVMYWH5Z35Y661EZ1ZDYVCYTV89ZH9ZDJW90	A8ERQT8X2HQPK	524	0	0
YW9ZZVMYWH5Z35Y661EZDKZZV8GDXW126F8MGZBZ	ARQ4J4TLTPBNC	524	0	0
YW9ZZVMYWH5Z35Y661EZGZMZ5PDC1GN0NV0XZX6Z	A1DCEOFAUIDY58	524	0	0
YW9ZZVMYWH5Z35Y661EZ1Z3C7VCCYYBZJV8BAKTZ	AZ209ZYWRSIUG	524	0	0
YW9ZZVMYWH5Z35Y661EZXY8Z5SZE2RMZS8Y6EZM0	A18WNE09USHJSG	534	0	0
YW9ZZVMYWH5Z35Y661EZ3K0ZS9Y19H4ZTJY17XZZ	AHFO0JTF5WO8J	534	0	0
YW9ZZVMYWH5Z35Y661EZEZ1ZT2YRJK82P0407R90	ALHOGP0VKKGM3	534	60	0
YW9ZZVMYWH5Z35Y661EZ3HNZY8HYWXPZGDY9FG6Z	AMJY7CKRBEI2A	534	0	0
YW9ZZVMYWH5Z35Y661EZNSBZW8ZH8XPM13HSEYMZ	A2LRADB3KFT2AO	534	0	0
YW9ZZVMYWH5Z35Y661EZ9WWZNRZHHTKTYBZ3Y9M0	A15L6WGIK3VU7N	534	0	0
YW9ZZVMYWH5Z35Y661EZ1ZDYVCYTV89ZH9ZDJW90	A8ERQT8X2HQPK	534	0	0
YW9ZZVMYWH5Z35Y661EZDKZZV8GDXW126F8MGZBZ	ARQ4J4TLTPBNC	534	0	0
YW9ZZVMYWH5Z35Y661EZGZMZ5PDC1GN0NV0XZX6Z	A1DCEOFAUIDY58	534	0	0
YW9ZZVMYWH5Z35Y661EZ1Z3C7VCCYYBZJV8BAKTZ	AZ209ZYWRSIUG	534	0	0
YW9ZZVMYWH5Z35Y661EZXY8Z5SZE2RMZS8Y6EZM0	A18WNE09USHJSG	523	0	0
YW9ZZVMYWH5Z35Y661EZ3K0ZS9Y19H4ZTJY17XZZ	AHFO0JTF5WO8J	523	0	0
YW9ZZVMYWH5Z35Y661EZEZ1ZT2YRJK82P0407R90	ALHOGP0VKKGM3	523	89	0
YW9ZZVMYWH5Z35Y661EZ3HNZY8HYWXPZGDY9FG6Z	AMJY7CKRBEI2A	523	0	0
YW9ZZVMYWH5Z35Y661EZNSBZW8ZH8XPM13HSEYMZ	A2LRADB3KFT2AO	523	0	0
YW9ZZVMYWH5Z35Y661EZ9WWZNRZHHTKTYBZ3Y9M0	A15L6WGIK3VU7N	523	0	0
YW9ZZVMYWH5Z35Y661EZ1ZDYVCYTV89ZH9ZDJW90	A8ERQT8X2HQPK	523	0	0
YW9ZZVMYWH5Z35Y661EZDKZZV8GDXW126F8MGZBZ	ARQ4J4TLTPBNC	523	0	0
YW9ZZVMYWH5Z35Y661EZGZMZ5PDC1GN0NV0XZX6Z	A1DCEOFAUIDY58	523	0	0
YW9ZZVMYWH5Z35Y661EZ1Z3C7VCCYYBZJV8BAKTZ	AZ209ZYWRSIUG	523	0	0
YW9ZZVMYWH5Z35Y661EZXY8Z5SZE2RMZS8Y6EZM0	A18WNE09USHJSG	533	20	45
YW9ZZVMYWH5Z35Y661EZ3K0ZS9Y19H4ZTJY17XZZ	AHFO0JTF5WO8J	533	0	45
YW9ZZVMYWH5Z35Y661EZEZ1ZT2YRJK82P0407R90	ALHOGP0VKKGM3	533	16	45
YW9ZZVMYWH5Z35Y661EZ3HNZY8HYWXPZGDY9FG6Z	AMJY7CKRBEI2A	533	0	45
YW9ZZVMYWH5Z35Y661EZNSBZW8ZH8XPM13HSEYMZ	A2LRADB3KFT2AO	533	0	45
YW9ZZVMYWH5Z35Y661EZ9WWZNRZHHTKTYBZ3Y9M0	A15L6WGIK3VU7N	533	0	45
YW9ZZVMYWH5Z35Y661EZ1ZDYVCYTV89ZH9ZDJW90	A8ERQT8X2HQPK	533	0	45
YW9ZZVMYWH5Z35Y661EZDKZZV8GDXW126F8MGZBZ	ARQ4J4TLTPBNC	533	0	45
YW9ZZVMYWH5Z35Y661EZGZMZ5PDC1GN0NV0XZX6Z	A1DCEOFAUIDY58	533	0	45
YW9ZZVMYWH5Z35Y661EZ1Z3C7VCCYYBZJV8BAKTZ	AZ209ZYWRSIUG	533	0	45
YW9ZZVMYWH5Z35Y661EZXY8Z5SZE2RMZS8Y6EZM0	A18WNE09USHJSG	522	0	0
YW9ZZVMYWH5Z35Y661EZ3K0ZS9Y19H4ZTJY17XZZ	AHFO0JTF5WO8J	522	0	0
YW9ZZVMYWH5Z35Y661EZEZ1ZT2YRJK82P0407R90	ALHOGP0VKKGM3	522	4	0
YW9ZZVMYWH5Z35Y661EZ3HNZY8HYWXPZGDY9FG6Z	AMJY7CKRBEI2A	522	0	0
YW9ZZVMYWH5Z35Y661EZNSBZW8ZH8XPM13HSEYMZ	A2LRADB3KFT2AO	522	0	0
YW9ZZVMYWH5Z35Y661EZ9WWZNRZHHTKTYBZ3Y9M0	A15L6WGIK3VU7N	522	0	0
YW9ZZVMYWH5Z35Y661EZ1ZDYVCYTV89ZH9ZDJW90	A8ERQT8X2HQPK	522	0	0
YW9ZZVMYWH5Z35Y661EZDKZZV8GDXW126F8MGZBZ	ARQ4J4TLTPBNC	522	0	0
YW9ZZVMYWH5Z35Y661EZGZMZ5PDC1GN0NV0XZX6Z	A1DCEOFAUIDY58	522	0	0
YW9ZZVMYWH5Z35Y661EZ1Z3C7VCCYYBZJV8BAKTZ	AZ209ZYWRSIUG	522	0	0
YW9ZZVMYWH5Z35Y661EZXY8Z5SZE2RMZS8Y6EZM0	A18WNE09USHJSG	521	25	1
YW9ZZVMYWH5Z35Y661EZ3K0ZS9Y19H4ZTJY17XZZ	AHFO0JTF5WO8J	521	50	1
YW9ZZVMYWH5Z35Y661EZEZ1ZT2YRJK82P0407R90	ALHOGP0VKKGM3	521	48	1
YW9ZZVMYWH5Z35Y661EZ3HNZY8HYWXPZGDY9FG6Z	AMJY7CKRBEI2A	521	0	1
YW9ZZVMYWH5Z35Y661EZNSBZW8ZH8XPM13HSEYMZ	A2LRADB3KFT2AO	521	15	1
YW9ZZVMYWH5Z35Y661EZ9WWZNRZHHTKTYBZ3Y9M0	A15L6WGIK3VU7N	521	0	1
YW9ZZVMYWH5Z35Y661EZ1ZDYVCYTV89ZH9ZDJW90	A8ERQT8X2HQPK	521	0	1
YW9ZZVMYWH5Z35Y661EZDKZZV8GDXW126F8MGZBZ	ARQ4J4TLTPBNC	521	0	1
YW9ZZVMYWH5Z35Y661EZGZMZ5PDC1GN0NV0XZX6Z	A1DCEOFAUIDY58	521	10	1
YW9ZZVMYWH5Z35Y661EZ1Z3C7VCCYYBZJV8BAKTZ	AZ209ZYWRSIUG	521	0	1
YW9ZZVMYWH5Z35Y661EZXY8Z5SZE2RMZS8Y6EZM0	A18WNE09USHJSG	532	0	0
YW9ZZVMYWH5Z35Y661EZ3K0ZS9Y19H4ZTJY17XZZ	AHFO0JTF5WO8J	532	0	0
YW9ZZVMYWH5Z35Y661EZEZ1ZT2YRJK82P0407R90	ALHOGP0VKKGM3	532	12	0
YW9ZZVMYWH5Z35Y661EZ3HNZY8HYWXPZGDY9FG6Z	AMJY7CKRBEI2A	532	0	0
YW9ZZVMYWH5Z35Y661EZNSBZW8ZH8XPM13HSEYMZ	A2LRADB3KFT2AO	532	20	0
YW9ZZVMYWH5Z35Y661EZ9WWZNRZHHTKTYBZ3Y9M0	A15L6WGIK3VU7N	532	0	0
YW9ZZVMYWH5Z35Y661EZ1ZDYVCYTV89ZH9ZDJW90	A8ERQT8X2HQPK	532	0	0
YW9ZZVMYWH5Z35Y661EZDKZZV8GDXW126F8MGZBZ	ARQ4J4TLTPBNC	532	0	0
YW9ZZVMYWH5Z35Y661EZGZMZ5PDC1GN0NV0XZX6Z	A1DCEOFAUIDY58	532	0	0
YW9ZZVMYWH5Z35Y661EZ1Z3C7VCCYYBZJV8BAKTZ	AZ209ZYWRSIUG	532	0	0
YW9ZZVMYWH5Z35Y661EZXY8Z5SZE2RMZS8Y6EZM0	A18WNE09USHJSG	520	0	0
YW9ZZVMYWH5Z35Y661EZ3K0ZS9Y19H4ZTJY17XZZ	AHFO0JTF5WO8J	520	0	0
YW9ZZVMYWH5Z35Y661EZEZ1ZT2YRJK82P0407R90	ALHOGP0VKKGM3	520	6	0
YW9ZZVMYWH5Z35Y661EZ3HNZY8HYWXPZGDY9FG6Z	AMJY7CKRBEI2A	520	0	0
YW9ZZVMYWH5Z35Y661EZNSBZW8ZH8XPM13HSEYMZ	A2LRADB3KFT2AO	520	0	0
YW9ZZVMYWH5Z35Y661EZ9WWZNRZHHTKTYBZ3Y9M0	A15L6WGIK3VU7N	520	0	0
YW9ZZVMYWH5Z35Y661EZ1ZDYVCYTV89ZH9ZDJW90	A8ERQT8X2HQPK	520	0	0
YW9ZZVMYWH5Z35Y661EZDKZZV8GDXW126F8MGZBZ	ARQ4J4TLTPBNC	520	0	0
YW9ZZVMYWH5Z35Y661EZGZMZ5PDC1GN0NV0XZX6Z	A1DCEOFAUIDY58	520	0	0
YW9ZZVMYWH5Z35Y661EZ1Z3C7VCCYYBZJV8BAKTZ	AZ209ZYWRSIUG	520	0	0
YW9ZZVMYWH5Z35Y661EZXY8Z5SZE2RMZS8Y6EZM0	A18WNE09USHJSG	531	0	0
YW9ZZVMYWH5Z35Y661EZ3K0ZS9Y19H4ZTJY17XZZ	AHFO0JTF5WO8J	531	0	0
YW9ZZVMYWH5Z35Y661EZEZ1ZT2YRJK82P0407R90	ALHOGP0VKKGM3	531	45	0
YW9ZZVMYWH5Z35Y661EZ3HNZY8HYWXPZGDY9FG6Z	AMJY7CKRBEI2A	531	0	0
YW9ZZVMYWH5Z35Y661EZNSBZW8ZH8XPM13HSEYMZ	A2LRADB3KFT2AO	531	0	0
YW9ZZVMYWH5Z35Y661EZ9WWZNRZHHTKTYBZ3Y9M0	A15L6WGIK3VU7N	531	0	0
YW9ZZVMYWH5Z35Y661EZ1ZDYVCYTV89ZH9ZDJW90	A8ERQT8X2HQPK	531	5	0
YW9ZZVMYWH5Z35Y661EZDKZZV8GDXW126F8MGZBZ	ARQ4J4TLTPBNC	531	0	0
YW9ZZVMYWH5Z35Y661EZGZMZ5PDC1GN0NV0XZX6Z	A1DCEOFAUIDY58	531	60	0
YW9ZZVMYWH5Z35Y661EZ1Z3C7VCCYYBZJV8BAKTZ	AZ209ZYWRSIUG	531	0	0
YW9ZZVMYWH5Z35Y661EZXY8Z5SZE2RMZS8Y6EZM0	A18WNE09USHJSG	530	0	0
YW9ZZVMYWH5Z35Y661EZ3K0ZS9Y19H4ZTJY17XZZ	AHFO0JTF5WO8J	530	0	0
YW9ZZVMYWH5Z35Y661EZEZ1ZT2YRJK82P0407R90	ALHOGP0VKKGM3	530	45	0
YW9ZZVMYWH5Z35Y661EZ3HNZY8HYWXPZGDY9FG6Z	AMJY7CKRBEI2A	530	0	0
YW9ZZVMYWH5Z35Y661EZNSBZW8ZH8XPM13HSEYMZ	A2LRADB3KFT2AO	530	0	0
YW9ZZVMYWH5Z35Y661EZ9WWZNRZHHTKTYBZ3Y9M0	A15L6WGIK3VU7N	530	0	0
YW9ZZVMYWH5Z35Y661EZ1ZDYVCYTV89ZH9ZDJW90	A8ERQT8X2HQPK	530	0	0
YW9ZZVMYWH5Z35Y661EZDKZZV8GDXW126F8MGZBZ	ARQ4J4TLTPBNC	530	0	0
YW9ZZVMYWH5Z35Y661EZGZMZ5PDC1GN0NV0XZX6Z	A1DCEOFAUIDY58	530	0	0
YW9ZZVMYWH5Z35Y661EZ1Z3C7VCCYYBZJV8BAKTZ	AZ209ZYWRSIUG	530	0	0
9RMRT3Z8YJCZ5VNG8HWZEZYZSKZJS17TS2NWZY7Z	A2NCIFVGIZESDF	507	0	9
9RMRT3Z8YJCZ5VNG8HWZ9ZZ6WPZJCYK4X9ZKJKR0	A1757CYJKBGLV2	507	0	9
9RMRT3Z8YJCZ5VNG8HWZJZ2ZRCYKRZ0MNTZ492Z0	A2OY54JKHARPKS	507	0	9
9RMRT3Z8YJCZ5VNG8HWZMXXZVWY2W18ZVQZ79Y6Z	A1ZGDXSHUPEQD9	507	0	9
9RMRT3Z8YJCZ5VNG8HWZ7ZQC62Z5GBZZ1XZ0M3W0	A1Q5GERIWS0YJR	507	0	9
9RMRT3Z8YJCZ5VNG8HWZHY0YTM1XPGFPMDR36VPZ	A3POYFULMTNW1H	507	0	9
9RMRT3Z8YJCZ5VNG8HWZSHZZ27YXBW2MX4YZMA80	ARQ4J4TLTPBNC	507	0	9
9RMRT3Z8YJCZ5VNG8HWZZXJZ1GYBEWYGJWZ6V040	A15MN5MDG4D7Q9	507	0	9
9RMRT3Z8YJCZ5VNG8HWZ1XJZ3CHQK3TZV14KTKZZ	AS51Z6DBWM9JM	507	0	9
9RMRT3Z8YJCZ5VNG8HWZ0H2CT5M4XYNYJ548S88Z	AZ209ZYWRSIUG	507	0	9
9RMRT3Z8YJCZ5VNG8HWZEZYZSKZJS17TS2NWZY7Z	A2NCIFVGIZESDF	518	10	47
9RMRT3Z8YJCZ5VNG8HWZ9ZZ6WPZJCYK4X9ZKJKR0	A1757CYJKBGLV2	518	50	47
9RMRT3Z8YJCZ5VNG8HWZJZ2ZRCYKRZ0MNTZ492Z0	A2OY54JKHARPKS	518	30	47
9RMRT3Z8YJCZ5VNG8HWZMXXZVWY2W18ZVQZ79Y6Z	A1ZGDXSHUPEQD9	518	0	47
9RMRT3Z8YJCZ5VNG8HWZ7ZQC62Z5GBZZ1XZ0M3W0	A1Q5GERIWS0YJR	518	10	47
9RMRT3Z8YJCZ5VNG8HWZHY0YTM1XPGFPMDR36VPZ	A3POYFULMTNW1H	518	40	47
9RMRT3Z8YJCZ5VNG8HWZSHZZ27YXBW2MX4YZMA80	ARQ4J4TLTPBNC	518	0	47
9RMRT3Z8YJCZ5VNG8HWZZXJZ1GYBEWYGJWZ6V040	A15MN5MDG4D7Q9	518	0	47
9RMRT3Z8YJCZ5VNG8HWZ1XJZ3CHQK3TZV14KTKZZ	AS51Z6DBWM9JM	518	10	47
9RMRT3Z8YJCZ5VNG8HWZ0H2CT5M4XYNYJ548S88Z	AZ209ZYWRSIUG	518	10	47
9RMRT3Z8YJCZ5VNG8HWZEZYZSKZJS17TS2NWZY7Z	A2NCIFVGIZESDF	517	20	8
9RMRT3Z8YJCZ5VNG8HWZ9ZZ6WPZJCYK4X9ZKJKR0	A1757CYJKBGLV2	517	20	8
9RMRT3Z8YJCZ5VNG8HWZJZ2ZRCYKRZ0MNTZ492Z0	A2OY54JKHARPKS	517	0	8
9RMRT3Z8YJCZ5VNG8HWZMXXZVWY2W18ZVQZ79Y6Z	A1ZGDXSHUPEQD9	517	0	8
9RMRT3Z8YJCZ5VNG8HWZ7ZQC62Z5GBZZ1XZ0M3W0	A1Q5GERIWS0YJR	517	10	8
9RMRT3Z8YJCZ5VNG8HWZHY0YTM1XPGFPMDR36VPZ	A3POYFULMTNW1H	517	0	8
9RMRT3Z8YJCZ5VNG8HWZSHZZ27YXBW2MX4YZMA80	ARQ4J4TLTPBNC	517	0	8
9RMRT3Z8YJCZ5VNG8HWZZXJZ1GYBEWYGJWZ6V040	A15MN5MDG4D7Q9	517	0	8
9RMRT3Z8YJCZ5VNG8HWZ1XJZ3CHQK3TZV14KTKZZ	AS51Z6DBWM9JM	517	30	8
9RMRT3Z8YJCZ5VNG8HWZ0H2CT5M4XYNYJ548S88Z	AZ209ZYWRSIUG	517	0	8
9RMRT3Z8YJCZ5VNG8HWZEZYZSKZJS17TS2NWZY7Z	A2NCIFVGIZESDF	506	0	0
9RMRT3Z8YJCZ5VNG8HWZ9ZZ6WPZJCYK4X9ZKJKR0	A1757CYJKBGLV2	506	0	0
9RMRT3Z8YJCZ5VNG8HWZJZ2ZRCYKRZ0MNTZ492Z0	A2OY54JKHARPKS	506	0	0
9RMRT3Z8YJCZ5VNG8HWZMXXZVWY2W18ZVQZ79Y6Z	A1ZGDXSHUPEQD9	506	0	0
9RMRT3Z8YJCZ5VNG8HWZ7ZQC62Z5GBZZ1XZ0M3W0	A1Q5GERIWS0YJR	506	0	0
9RMRT3Z8YJCZ5VNG8HWZHY0YTM1XPGFPMDR36VPZ	A3POYFULMTNW1H	506	0	0
9RMRT3Z8YJCZ5VNG8HWZSHZZ27YXBW2MX4YZMA80	ARQ4J4TLTPBNC	506	0	0
9RMRT3Z8YJCZ5VNG8HWZZXJZ1GYBEWYGJWZ6V040	A15MN5MDG4D7Q9	506	0	0
9RMRT3Z8YJCZ5VNG8HWZ1XJZ3CHQK3TZV14KTKZZ	AS51Z6DBWM9JM	506	0	0
9RMRT3Z8YJCZ5VNG8HWZ0H2CT5M4XYNYJ548S88Z	AZ209ZYWRSIUG	506	0	0
9RMRT3Z8YJCZ5VNG8HWZEZYZSKZJS17TS2NWZY7Z	A2NCIFVGIZESDF	504	40	23
9RMRT3Z8YJCZ5VNG8HWZ9ZZ6WPZJCYK4X9ZKJKR0	A1757CYJKBGLV2	504	90	23
9RMRT3Z8YJCZ5VNG8HWZJZ2ZRCYKRZ0MNTZ492Z0	A2OY54JKHARPKS	504	51	23
9RMRT3Z8YJCZ5VNG8HWZMXXZVWY2W18ZVQZ79Y6Z	A1ZGDXSHUPEQD9	504	0	23
9RMRT3Z8YJCZ5VNG8HWZ7ZQC62Z5GBZZ1XZ0M3W0	A1Q5GERIWS0YJR	504	0	23
9RMRT3Z8YJCZ5VNG8HWZHY0YTM1XPGFPMDR36VPZ	A3POYFULMTNW1H	504	99	23
9RMRT3Z8YJCZ5VNG8HWZSHZZ27YXBW2MX4YZMA80	ARQ4J4TLTPBNC	504	0	23
9RMRT3Z8YJCZ5VNG8HWZZXJZ1GYBEWYGJWZ6V040	A15MN5MDG4D7Q9	504	0	23
9RMRT3Z8YJCZ5VNG8HWZ1XJZ3CHQK3TZV14KTKZZ	AS51Z6DBWM9JM	504	56	23
9RMRT3Z8YJCZ5VNG8HWZ0H2CT5M4XYNYJ548S88Z	AZ209ZYWRSIUG	504	0	23
9RMRT3Z8YJCZ5VNG8HWZEZYZSKZJS17TS2NWZY7Z	A2NCIFVGIZESDF	516	0	0
9RMRT3Z8YJCZ5VNG8HWZ9ZZ6WPZJCYK4X9ZKJKR0	A1757CYJKBGLV2	516	0	0
9RMRT3Z8YJCZ5VNG8HWZJZ2ZRCYKRZ0MNTZ492Z0	A2OY54JKHARPKS	516	0	0
9RMRT3Z8YJCZ5VNG8HWZMXXZVWY2W18ZVQZ79Y6Z	A1ZGDXSHUPEQD9	516	0	0
9RMRT3Z8YJCZ5VNG8HWZ7ZQC62Z5GBZZ1XZ0M3W0	A1Q5GERIWS0YJR	516	0	0
9RMRT3Z8YJCZ5VNG8HWZHY0YTM1XPGFPMDR36VPZ	A3POYFULMTNW1H	516	0	0
9RMRT3Z8YJCZ5VNG8HWZSHZZ27YXBW2MX4YZMA80	ARQ4J4TLTPBNC	516	0	0
9RMRT3Z8YJCZ5VNG8HWZZXJZ1GYBEWYGJWZ6V040	A15MN5MDG4D7Q9	516	0	0
9RMRT3Z8YJCZ5VNG8HWZ1XJZ3CHQK3TZV14KTKZZ	AS51Z6DBWM9JM	516	0	0
9RMRT3Z8YJCZ5VNG8HWZ0H2CT5M4XYNYJ548S88Z	AZ209ZYWRSIUG	516	0	0
9RMRT3Z8YJCZ5VNG8HWZEZYZSKZJS17TS2NWZY7Z	A2NCIFVGIZESDF	505	25	28
9RMRT3Z8YJCZ5VNG8HWZ9ZZ6WPZJCYK4X9ZKJKR0	A1757CYJKBGLV2	505	90	28
9RMRT3Z8YJCZ5VNG8HWZJZ2ZRCYKRZ0MNTZ492Z0	A2OY54JKHARPKS	505	30	28
9RMRT3Z8YJCZ5VNG8HWZMXXZVWY2W18ZVQZ79Y6Z	A1ZGDXSHUPEQD9	505	0	28
9RMRT3Z8YJCZ5VNG8HWZ7ZQC62Z5GBZZ1XZ0M3W0	A1Q5GERIWS0YJR	505	0	28
9RMRT3Z8YJCZ5VNG8HWZHY0YTM1XPGFPMDR36VPZ	A3POYFULMTNW1H	505	30	28
9RMRT3Z8YJCZ5VNG8HWZSHZZ27YXBW2MX4YZMA80	ARQ4J4TLTPBNC	505	0	28
9RMRT3Z8YJCZ5VNG8HWZZXJZ1GYBEWYGJWZ6V040	A15MN5MDG4D7Q9	505	15	28
9RMRT3Z8YJCZ5VNG8HWZ1XJZ3CHQK3TZV14KTKZZ	AS51Z6DBWM9JM	505	0	28
9RMRT3Z8YJCZ5VNG8HWZ0H2CT5M4XYNYJ548S88Z	AZ209ZYWRSIUG	505	20	28
9RMRT3Z8YJCZ5VNG8HWZEZYZSKZJS17TS2NWZY7Z	A2NCIFVGIZESDF	514	40	2
9RMRT3Z8YJCZ5VNG8HWZ9ZZ6WPZJCYK4X9ZKJKR0	A1757CYJKBGLV2	514	70	2
9RMRT3Z8YJCZ5VNG8HWZJZ2ZRCYKRZ0MNTZ492Z0	A2OY54JKHARPKS	514	0	2
9RMRT3Z8YJCZ5VNG8HWZMXXZVWY2W18ZVQZ79Y6Z	A1ZGDXSHUPEQD9	514	0	2
9RMRT3Z8YJCZ5VNG8HWZ7ZQC62Z5GBZZ1XZ0M3W0	A1Q5GERIWS0YJR	514	0	2
9RMRT3Z8YJCZ5VNG8HWZHY0YTM1XPGFPMDR36VPZ	A3POYFULMTNW1H	514	0	2
9RMRT3Z8YJCZ5VNG8HWZSHZZ27YXBW2MX4YZMA80	ARQ4J4TLTPBNC	514	0	2
9RMRT3Z8YJCZ5VNG8HWZZXJZ1GYBEWYGJWZ6V040	A15MN5MDG4D7Q9	514	10	2
9RMRT3Z8YJCZ5VNG8HWZ1XJZ3CHQK3TZV14KTKZZ	AS51Z6DBWM9JM	514	0	2
9RMRT3Z8YJCZ5VNG8HWZ0H2CT5M4XYNYJ548S88Z	AZ209ZYWRSIUG	514	20	2
9RMRT3Z8YJCZ5VNG8HWZEZYZSKZJS17TS2NWZY7Z	A2NCIFVGIZESDF	503	0	0
9RMRT3Z8YJCZ5VNG8HWZ9ZZ6WPZJCYK4X9ZKJKR0	A1757CYJKBGLV2	503	0	0
9RMRT3Z8YJCZ5VNG8HWZJZ2ZRCYKRZ0MNTZ492Z0	A2OY54JKHARPKS	503	0	0
9RMRT3Z8YJCZ5VNG8HWZMXXZVWY2W18ZVQZ79Y6Z	A1ZGDXSHUPEQD9	503	0	0
9RMRT3Z8YJCZ5VNG8HWZ7ZQC62Z5GBZZ1XZ0M3W0	A1Q5GERIWS0YJR	503	0	0
9RMRT3Z8YJCZ5VNG8HWZHY0YTM1XPGFPMDR36VPZ	A3POYFULMTNW1H	503	0	0
9RMRT3Z8YJCZ5VNG8HWZSHZZ27YXBW2MX4YZMA80	ARQ4J4TLTPBNC	503	0	0
9RMRT3Z8YJCZ5VNG8HWZZXJZ1GYBEWYGJWZ6V040	A15MN5MDG4D7Q9	503	0	0
9RMRT3Z8YJCZ5VNG8HWZ1XJZ3CHQK3TZV14KTKZZ	AS51Z6DBWM9JM	503	0	0
9RMRT3Z8YJCZ5VNG8HWZ0H2CT5M4XYNYJ548S88Z	AZ209ZYWRSIUG	503	0	0
9RMRT3Z8YJCZ5VNG8HWZEZYZSKZJS17TS2NWZY7Z	A2NCIFVGIZESDF	515	0	0
9RMRT3Z8YJCZ5VNG8HWZ9ZZ6WPZJCYK4X9ZKJKR0	A1757CYJKBGLV2	515	0	0
9RMRT3Z8YJCZ5VNG8HWZJZ2ZRCYKRZ0MNTZ492Z0	A2OY54JKHARPKS	515	0	0
9RMRT3Z8YJCZ5VNG8HWZMXXZVWY2W18ZVQZ79Y6Z	A1ZGDXSHUPEQD9	515	0	0
9RMRT3Z8YJCZ5VNG8HWZ7ZQC62Z5GBZZ1XZ0M3W0	A1Q5GERIWS0YJR	515	0	0
9RMRT3Z8YJCZ5VNG8HWZHY0YTM1XPGFPMDR36VPZ	A3POYFULMTNW1H	515	0	0
9RMRT3Z8YJCZ5VNG8HWZSHZZ27YXBW2MX4YZMA80	ARQ4J4TLTPBNC	515	0	0
9RMRT3Z8YJCZ5VNG8HWZZXJZ1GYBEWYGJWZ6V040	A15MN5MDG4D7Q9	515	0	0
9RMRT3Z8YJCZ5VNG8HWZ1XJZ3CHQK3TZV14KTKZZ	AS51Z6DBWM9JM	515	0	0
9RMRT3Z8YJCZ5VNG8HWZ0H2CT5M4XYNYJ548S88Z	AZ209ZYWRSIUG	515	0	0
9RMRT3Z8YJCZ5VNG8HWZEZYZSKZJS17TS2NWZY7Z	A2NCIFVGIZESDF	502	0	0
9RMRT3Z8YJCZ5VNG8HWZ9ZZ6WPZJCYK4X9ZKJKR0	A1757CYJKBGLV2	502	0	0
9RMRT3Z8YJCZ5VNG8HWZJZ2ZRCYKRZ0MNTZ492Z0	A2OY54JKHARPKS	502	0	0
9RMRT3Z8YJCZ5VNG8HWZMXXZVWY2W18ZVQZ79Y6Z	A1ZGDXSHUPEQD9	502	0	0
9RMRT3Z8YJCZ5VNG8HWZ7ZQC62Z5GBZZ1XZ0M3W0	A1Q5GERIWS0YJR	502	0	0
9RMRT3Z8YJCZ5VNG8HWZHY0YTM1XPGFPMDR36VPZ	A3POYFULMTNW1H	502	0	0
9RMRT3Z8YJCZ5VNG8HWZSHZZ27YXBW2MX4YZMA80	ARQ4J4TLTPBNC	502	0	0
9RMRT3Z8YJCZ5VNG8HWZZXJZ1GYBEWYGJWZ6V040	A15MN5MDG4D7Q9	502	0	0
9RMRT3Z8YJCZ5VNG8HWZ1XJZ3CHQK3TZV14KTKZZ	AS51Z6DBWM9JM	502	0	0
9RMRT3Z8YJCZ5VNG8HWZ0H2CT5M4XYNYJ548S88Z	AZ209ZYWRSIUG	502	0	0
9RMRT3Z8YJCZ5VNG8HWZEZYZSKZJS17TS2NWZY7Z	A2NCIFVGIZESDF	513	0	0
9RMRT3Z8YJCZ5VNG8HWZ9ZZ6WPZJCYK4X9ZKJKR0	A1757CYJKBGLV2	513	0	0
9RMRT3Z8YJCZ5VNG8HWZJZ2ZRCYKRZ0MNTZ492Z0	A2OY54JKHARPKS	513	0	0
9RMRT3Z8YJCZ5VNG8HWZMXXZVWY2W18ZVQZ79Y6Z	A1ZGDXSHUPEQD9	513	0	0
9RMRT3Z8YJCZ5VNG8HWZ7ZQC62Z5GBZZ1XZ0M3W0	A1Q5GERIWS0YJR	513	0	0
9RMRT3Z8YJCZ5VNG8HWZHY0YTM1XPGFPMDR36VPZ	A3POYFULMTNW1H	513	0	0
9RMRT3Z8YJCZ5VNG8HWZSHZZ27YXBW2MX4YZMA80	ARQ4J4TLTPBNC	513	0	0
9RMRT3Z8YJCZ5VNG8HWZZXJZ1GYBEWYGJWZ6V040	A15MN5MDG4D7Q9	513	0	0
9RMRT3Z8YJCZ5VNG8HWZ1XJZ3CHQK3TZV14KTKZZ	AS51Z6DBWM9JM	513	0	0
9RMRT3Z8YJCZ5VNG8HWZ0H2CT5M4XYNYJ548S88Z	AZ209ZYWRSIUG	513	0	0
9RMRT3Z8YJCZ5VNG8HWZEZYZSKZJS17TS2NWZY7Z	A2NCIFVGIZESDF	512	0	0
9RMRT3Z8YJCZ5VNG8HWZ9ZZ6WPZJCYK4X9ZKJKR0	A1757CYJKBGLV2	512	30	0
9RMRT3Z8YJCZ5VNG8HWZJZ2ZRCYKRZ0MNTZ492Z0	A2OY54JKHARPKS	512	0	0
9RMRT3Z8YJCZ5VNG8HWZMXXZVWY2W18ZVQZ79Y6Z	A1ZGDXSHUPEQD9	512	0	0
9RMRT3Z8YJCZ5VNG8HWZ7ZQC62Z5GBZZ1XZ0M3W0	A1Q5GERIWS0YJR	512	0	0
9RMRT3Z8YJCZ5VNG8HWZHY0YTM1XPGFPMDR36VPZ	A3POYFULMTNW1H	512	0	0
9RMRT3Z8YJCZ5VNG8HWZSHZZ27YXBW2MX4YZMA80	ARQ4J4TLTPBNC	512	0	0
9RMRT3Z8YJCZ5VNG8HWZZXJZ1GYBEWYGJWZ6V040	A15MN5MDG4D7Q9	512	0	0
9RMRT3Z8YJCZ5VNG8HWZ1XJZ3CHQK3TZV14KTKZZ	AS51Z6DBWM9JM	512	0	0
9RMRT3Z8YJCZ5VNG8HWZ0H2CT5M4XYNYJ548S88Z	AZ209ZYWRSIUG	512	0	0
9RMRT3Z8YJCZ5VNG8HWZEZYZSKZJS17TS2NWZY7Z	A2NCIFVGIZESDF	501	0	16
9RMRT3Z8YJCZ5VNG8HWZ9ZZ6WPZJCYK4X9ZKJKR0	A1757CYJKBGLV2	501	80	16
9RMRT3Z8YJCZ5VNG8HWZJZ2ZRCYKRZ0MNTZ492Z0	A2OY54JKHARPKS	501	0	16
9RMRT3Z8YJCZ5VNG8HWZMXXZVWY2W18ZVQZ79Y6Z	A1ZGDXSHUPEQD9	501	0	16
9RMRT3Z8YJCZ5VNG8HWZ7ZQC62Z5GBZZ1XZ0M3W0	A1Q5GERIWS0YJR	501	0	16
9RMRT3Z8YJCZ5VNG8HWZHY0YTM1XPGFPMDR36VPZ	A3POYFULMTNW1H	501	0	16
9RMRT3Z8YJCZ5VNG8HWZSHZZ27YXBW2MX4YZMA80	ARQ4J4TLTPBNC	501	0	16
9RMRT3Z8YJCZ5VNG8HWZZXJZ1GYBEWYGJWZ6V040	A15MN5MDG4D7Q9	501	1	16
9RMRT3Z8YJCZ5VNG8HWZ1XJZ3CHQK3TZV14KTKZZ	AS51Z6DBWM9JM	501	75	16
9RMRT3Z8YJCZ5VNG8HWZ0H2CT5M4XYNYJ548S88Z	AZ209ZYWRSIUG	501	0	16
9RMRT3Z8YJCZ5VNG8HWZEZYZSKZJS17TS2NWZY7Z	A2NCIFVGIZESDF	511	0	0
9RMRT3Z8YJCZ5VNG8HWZ9ZZ6WPZJCYK4X9ZKJKR0	A1757CYJKBGLV2	511	0	0
9RMRT3Z8YJCZ5VNG8HWZJZ2ZRCYKRZ0MNTZ492Z0	A2OY54JKHARPKS	511	0	0
9RMRT3Z8YJCZ5VNG8HWZMXXZVWY2W18ZVQZ79Y6Z	A1ZGDXSHUPEQD9	511	0	0
9RMRT3Z8YJCZ5VNG8HWZ7ZQC62Z5GBZZ1XZ0M3W0	A1Q5GERIWS0YJR	511	0	0
9RMRT3Z8YJCZ5VNG8HWZHY0YTM1XPGFPMDR36VPZ	A3POYFULMTNW1H	511	0	0
9RMRT3Z8YJCZ5VNG8HWZSHZZ27YXBW2MX4YZMA80	ARQ4J4TLTPBNC	511	0	0
9RMRT3Z8YJCZ5VNG8HWZZXJZ1GYBEWYGJWZ6V040	A15MN5MDG4D7Q9	511	0	0
9RMRT3Z8YJCZ5VNG8HWZ1XJZ3CHQK3TZV14KTKZZ	AS51Z6DBWM9JM	511	15	0
9RMRT3Z8YJCZ5VNG8HWZ0H2CT5M4XYNYJ548S88Z	AZ209ZYWRSIUG	511	0	0
9RMRT3Z8YJCZ5VNG8HWZEZYZSKZJS17TS2NWZY7Z	A2NCIFVGIZESDF	500	10	15
9RMRT3Z8YJCZ5VNG8HWZ9ZZ6WPZJCYK4X9ZKJKR0	A1757CYJKBGLV2	500	0	15
9RMRT3Z8YJCZ5VNG8HWZJZ2ZRCYKRZ0MNTZ492Z0	A2OY54JKHARPKS	500	0	15
9RMRT3Z8YJCZ5VNG8HWZMXXZVWY2W18ZVQZ79Y6Z	A1ZGDXSHUPEQD9	500	0	15
9RMRT3Z8YJCZ5VNG8HWZ7ZQC62Z5GBZZ1XZ0M3W0	A1Q5GERIWS0YJR	500	0	15
9RMRT3Z8YJCZ5VNG8HWZHY0YTM1XPGFPMDR36VPZ	A3POYFULMTNW1H	500	50	15
9RMRT3Z8YJCZ5VNG8HWZSHZZ27YXBW2MX4YZMA80	ARQ4J4TLTPBNC	500	100	15
9RMRT3Z8YJCZ5VNG8HWZZXJZ1GYBEWYGJWZ6V040	A15MN5MDG4D7Q9	500	0	15
9RMRT3Z8YJCZ5VNG8HWZ1XJZ3CHQK3TZV14KTKZZ	AS51Z6DBWM9JM	500	10	15
9RMRT3Z8YJCZ5VNG8HWZ0H2CT5M4XYNYJ548S88Z	AZ209ZYWRSIUG	500	0	15
9RMRT3Z8YJCZ5VNG8HWZEZYZSKZJS17TS2NWZY7Z	A2NCIFVGIZESDF	510	0	0
9RMRT3Z8YJCZ5VNG8HWZ9ZZ6WPZJCYK4X9ZKJKR0	A1757CYJKBGLV2	510	60	0
9RMRT3Z8YJCZ5VNG8HWZJZ2ZRCYKRZ0MNTZ492Z0	A2OY54JKHARPKS	510	0	0
9RMRT3Z8YJCZ5VNG8HWZMXXZVWY2W18ZVQZ79Y6Z	A1ZGDXSHUPEQD9	510	0	0
9RMRT3Z8YJCZ5VNG8HWZ7ZQC62Z5GBZZ1XZ0M3W0	A1Q5GERIWS0YJR	510	0	0
9RMRT3Z8YJCZ5VNG8HWZHY0YTM1XPGFPMDR36VPZ	A3POYFULMTNW1H	510	70	0
9RMRT3Z8YJCZ5VNG8HWZSHZZ27YXBW2MX4YZMA80	ARQ4J4TLTPBNC	510	0	0
9RMRT3Z8YJCZ5VNG8HWZZXJZ1GYBEWYGJWZ6V040	A15MN5MDG4D7Q9	510	20	0
9RMRT3Z8YJCZ5VNG8HWZ1XJZ3CHQK3TZV14KTKZZ	AS51Z6DBWM9JM	510	25	0
9RMRT3Z8YJCZ5VNG8HWZ0H2CT5M4XYNYJ548S88Z	AZ209ZYWRSIUG	510	10	0
9RMRT3Z8YJCZ5VNG8HWZEZYZSKZJS17TS2NWZY7Z	A2NCIFVGIZESDF	509	0	0
9RMRT3Z8YJCZ5VNG8HWZ9ZZ6WPZJCYK4X9ZKJKR0	A1757CYJKBGLV2	509	30	0
9RMRT3Z8YJCZ5VNG8HWZJZ2ZRCYKRZ0MNTZ492Z0	A2OY54JKHARPKS	509	20	0
9RMRT3Z8YJCZ5VNG8HWZMXXZVWY2W18ZVQZ79Y6Z	A1ZGDXSHUPEQD9	509	0	0
9RMRT3Z8YJCZ5VNG8HWZ7ZQC62Z5GBZZ1XZ0M3W0	A1Q5GERIWS0YJR	509	0	0
9RMRT3Z8YJCZ5VNG8HWZHY0YTM1XPGFPMDR36VPZ	A3POYFULMTNW1H	509	0	0
9RMRT3Z8YJCZ5VNG8HWZSHZZ27YXBW2MX4YZMA80	ARQ4J4TLTPBNC	509	0	0
9RMRT3Z8YJCZ5VNG8HWZZXJZ1GYBEWYGJWZ6V040	A15MN5MDG4D7Q9	509	50	0
9RMRT3Z8YJCZ5VNG8HWZ1XJZ3CHQK3TZV14KTKZZ	AS51Z6DBWM9JM	509	12	0
9RMRT3Z8YJCZ5VNG8HWZ0H2CT5M4XYNYJ548S88Z	AZ209ZYWRSIUG	509	40	0
9RMRT3Z8YJCZ5VNG8HWZEZYZSKZJS17TS2NWZY7Z	A2NCIFVGIZESDF	519	0	0
9RMRT3Z8YJCZ5VNG8HWZ9ZZ6WPZJCYK4X9ZKJKR0	A1757CYJKBGLV2	519	0	0
9RMRT3Z8YJCZ5VNG8HWZJZ2ZRCYKRZ0MNTZ492Z0	A2OY54JKHARPKS	519	0	0
9RMRT3Z8YJCZ5VNG8HWZMXXZVWY2W18ZVQZ79Y6Z	A1ZGDXSHUPEQD9	519	0	0
9RMRT3Z8YJCZ5VNG8HWZ7ZQC62Z5GBZZ1XZ0M3W0	A1Q5GERIWS0YJR	519	0	0
9RMRT3Z8YJCZ5VNG8HWZHY0YTM1XPGFPMDR36VPZ	A3POYFULMTNW1H	519	0	0
9RMRT3Z8YJCZ5VNG8HWZSHZZ27YXBW2MX4YZMA80	ARQ4J4TLTPBNC	519	0	0
9RMRT3Z8YJCZ5VNG8HWZZXJZ1GYBEWYGJWZ6V040	A15MN5MDG4D7Q9	519	0	0
9RMRT3Z8YJCZ5VNG8HWZ1XJZ3CHQK3TZV14KTKZZ	AS51Z6DBWM9JM	519	0	0
9RMRT3Z8YJCZ5VNG8HWZ0H2CT5M4XYNYJ548S88Z	AZ209ZYWRSIUG	519	0	0
9RMRT3Z8YJCZ5VNG8HWZEZYZSKZJS17TS2NWZY7Z	A2NCIFVGIZESDF	508	0	0
9RMRT3Z8YJCZ5VNG8HWZ9ZZ6WPZJCYK4X9ZKJKR0	A1757CYJKBGLV2	508	100	0
9RMRT3Z8YJCZ5VNG8HWZJZ2ZRCYKRZ0MNTZ492Z0	A2OY54JKHARPKS	508	15	0
9RMRT3Z8YJCZ5VNG8HWZMXXZVWY2W18ZVQZ79Y6Z	A1ZGDXSHUPEQD9	508	0	0
9RMRT3Z8YJCZ5VNG8HWZ7ZQC62Z5GBZZ1XZ0M3W0	A1Q5GERIWS0YJR	508	0	0
9RMRT3Z8YJCZ5VNG8HWZHY0YTM1XPGFPMDR36VPZ	A3POYFULMTNW1H	508	0	0
9RMRT3Z8YJCZ5VNG8HWZSHZZ27YXBW2MX4YZMA80	ARQ4J4TLTPBNC	508	0	0
9RMRT3Z8YJCZ5VNG8HWZZXJZ1GYBEWYGJWZ6V040	A15MN5MDG4D7Q9	508	5	0
9RMRT3Z8YJCZ5VNG8HWZ1XJZ3CHQK3TZV14KTKZZ	AS51Z6DBWM9JM	508	12	0
9RMRT3Z8YJCZ5VNG8HWZ0H2CT5M4XYNYJ548S88Z	AZ209ZYWRSIUG	508	0	0
6YGZG117Y18TYYYVYYZZKSA0RSZD235RTEMFMA3Z	A1AVJRFM6L0RN8	583	0	70
6YGZG117Y18TYYYVYYZZGWPTRNMNZYM8NJ4AQG1Z	ADAGUJNWMEPT6	583	80	70
6YGZG117Y18TYYYVYYZZKJ2ZTRYE1W0ZVJWF0TC0	A1LY3NJTYW9TFF	583	20	70
6YGZG117Y18TYYYVYYZZQZ8Y2ZZKMJH8KJY6G020	A14WWG6NKBDWGP	583	60	70
6YGZG117Y18TYYYVYYZZJW5ZW9R40YCCJ80X2YF0	A1VYRD3HO2WDUN	583	70	70
6YGZG117Y18TYYYVYYZZQG0Z4ZZVQY58M2YQR2VZ	A1XUURRBT9RYFW	583	15	70
6YGZG117Y18TYYYVYYZZ4W0Z4NY88RHRV3ZZVSK0	A1M0SEWUJYX9K0	583	50	70
6YGZG117Y18TYYYVYYZZSXXT57ZJXHVMMQY23VWZ	A2KBTYNGUFRB9N	583	80	70
6YGZG117Y18TYYYVYYZZJ1MWMDZY7GKZXVY8YZRZ	A3POYFULMTNW1H	583	50	70
6YGZG117Y18TYYYVYYZZKWSZSMY731GTNCN53YQ0	ARQ4J4TLTPBNC	583	100	70
6YGZG117Y18TYYYVYYZZKSA0RSZD235RTEMFMA3Z	A1AVJRFM6L0RN8	595	0	75
6YGZG117Y18TYYYVYYZZGWPTRNMNZYM8NJ4AQG1Z	ADAGUJNWMEPT6	595	40	75
6YGZG117Y18TYYYVYYZZKJ2ZTRYE1W0ZVJWF0TC0	A1LY3NJTYW9TFF	595	20	75
6YGZG117Y18TYYYVYYZZQZ8Y2ZZKMJH8KJY6G020	A14WWG6NKBDWGP	595	50	75
6YGZG117Y18TYYYVYYZZJW5ZW9R40YCCJ80X2YF0	A1VYRD3HO2WDUN	595	70	75
6YGZG117Y18TYYYVYYZZQG0Z4ZZVQY58M2YQR2VZ	A1XUURRBT9RYFW	595	50	75
6YGZG117Y18TYYYVYYZZ4W0Z4NY88RHRV3ZZVSK0	A1M0SEWUJYX9K0	595	60	75
6YGZG117Y18TYYYVYYZZSXXT57ZJXHVMMQY23VWZ	A2KBTYNGUFRB9N	595	60	75
6YGZG117Y18TYYYVYYZZJ1MWMDZY7GKZXVY8YZRZ	A3POYFULMTNW1H	595	80	75
6YGZG117Y18TYYYVYYZZKWSZSMY731GTNCN53YQ0	ARQ4J4TLTPBNC	595	50	75
