!amt_annotation_ids	!amt_worker_ids	orig_id	response	gold
6YGZG117Y18TYYYVYYZZKSA0RSZD235RTEMFMA3Z	A1AVJRFM6L0RN8	594	0	6
6YGZG117Y18TYYYVYYZZGWPTRNMNZYM8NJ4AQG1Z	ADAGUJNWMEPT6	594	5	6
6YGZG117Y18TYYYVYYZZKJ2ZTRYE1W0ZVJWF0TC0	A1LY3NJTYW9TFF	594	0	6
6YGZG117Y18TYYYVYYZZQZ8Y2ZZKMJH8KJY6G020	A14WWG6NKBDWGP	594	40	6
6YGZG117Y18TYYYVYYZZJW5ZW9R40YCCJ80X2YF0	A1VYRD3HO2WDUN	594	0	6
6YGZG117Y18TYYYVYYZZQG0Z4ZZVQY58M2YQR2VZ	A1XUURRBT9RYFW	594	10	6
6YGZG117Y18TYYYVYYZZ4W0Z4NY88RHRV3ZZVSK0	A1M0SEWUJYX9K0	594	20	6
6YGZG117Y18TYYYVYYZZSXXT57ZJXHVMMQY23VWZ	A2KBTYNGUFRB9N	594	30	6
6YGZG117Y18TYYYVYYZZJ1MWMDZY7GKZXVY8YZRZ	A3POYFULMTNW1H	594	0	6
6YGZG117Y18TYYYVYYZZKWSZSMY731GTNCN53YQ0	ARQ4J4TLTPBNC	594	0	6
6YGZG117Y18TYYYVYYZZKSA0RSZD235RTEMFMA3Z	A1AVJRFM6L0RN8	582	0	0
6YGZG117Y18TYYYVYYZZGWPTRNMNZYM8NJ4AQG1Z	ADAGUJNWMEPT6	582	10	0
6YGZG117Y18TYYYVYYZZKJ2ZTRYE1W0ZVJWF0TC0	A1LY3NJTYW9TFF	582	0	0
6YGZG117Y18TYYYVYYZZQZ8Y2ZZKMJH8KJY6G020	A14WWG6NKBDWGP	582	70	0
6YGZG117Y18TYYYVYYZZJW5ZW9R40YCCJ80X2YF0	A1VYRD3HO2WDUN	582	0	0
6YGZG117Y18TYYYVYYZZQG0Z4ZZVQY58M2YQR2VZ	A1XUURRBT9RYFW	582	5	0
6YGZG117Y18TYYYVYYZZ4W0Z4NY88RHRV3ZZVSK0	A1M0SEWUJYX9K0	582	10	0
6YGZG117Y18TYYYVYYZZSXXT57ZJXHVMMQY23VWZ	A2KBTYNGUFRB9N	582	30	0
6YGZG117Y18TYYYVYYZZJ1MWMDZY7GKZXVY8YZRZ	A3POYFULMTNW1H	582	0	0
6YGZG117Y18TYYYVYYZZKWSZSMY731GTNCN53YQ0	ARQ4J4TLTPBNC	582	0	0
6YGZG117Y18TYYYVYYZZKSA0RSZD235RTEMFMA3Z	A1AVJRFM6L0RN8	593	75	73
6YGZG117Y18TYYYVYYZZGWPTRNMNZYM8NJ4AQG1Z	ADAGUJNWMEPT6	593	15	73
6YGZG117Y18TYYYVYYZZKJ2ZTRYE1W0ZVJWF0TC0	A1LY3NJTYW9TFF	593	5	73
6YGZG117Y18TYYYVYYZZQZ8Y2ZZKMJH8KJY6G020	A14WWG6NKBDWGP	593	10	73
6YGZG117Y18TYYYVYYZZJW5ZW9R40YCCJ80X2YF0	A1VYRD3HO2WDUN	593	80	73
6YGZG117Y18TYYYVYYZZQG0Z4ZZVQY58M2YQR2VZ	A1XUURRBT9RYFW	593	10	73
6YGZG117Y18TYYYVYYZZ4W0Z4NY88RHRV3ZZVSK0	A1M0SEWUJYX9K0	593	75	73
6YGZG117Y18TYYYVYYZZSXXT57ZJXHVMMQY23VWZ	A2KBTYNGUFRB9N	593	90	73
6YGZG117Y18TYYYVYYZZJ1MWMDZY7GKZXVY8YZRZ	A3POYFULMTNW1H	593	80	73
6YGZG117Y18TYYYVYYZZKWSZSMY731GTNCN53YQ0	ARQ4J4TLTPBNC	593	0	73
6YGZG117Y18TYYYVYYZZKSA0RSZD235RTEMFMA3Z	A1AVJRFM6L0RN8	592	0	26
6YGZG117Y18TYYYVYYZZGWPTRNMNZYM8NJ4AQG1Z	ADAGUJNWMEPT6	592	10	26
6YGZG117Y18TYYYVYYZZKJ2ZTRYE1W0ZVJWF0TC0	A1LY3NJTYW9TFF	592	0	26
6YGZG117Y18TYYYVYYZZQZ8Y2ZZKMJH8KJY6G020	A14WWG6NKBDWGP	592	0	26
6YGZG117Y18TYYYVYYZZJW5ZW9R40YCCJ80X2YF0	A1VYRD3HO2WDUN	592	5	26
6YGZG117Y18TYYYVYYZZQG0Z4ZZVQY58M2YQR2VZ	A1XUURRBT9RYFW	592	5	26
6YGZG117Y18TYYYVYYZZ4W0Z4NY88RHRV3ZZVSK0	A1M0SEWUJYX9K0	592	20	26
6YGZG117Y18TYYYVYYZZSXXT57ZJXHVMMQY23VWZ	A2KBTYNGUFRB9N	592	100	26
6YGZG117Y18TYYYVYYZZJ1MWMDZY7GKZXVY8YZRZ	A3POYFULMTNW1H	592	10	26
6YGZG117Y18TYYYVYYZZKWSZSMY731GTNCN53YQ0	ARQ4J4TLTPBNC	592	0	26
6YGZG117Y18TYYYVYYZZKSA0RSZD235RTEMFMA3Z	A1AVJRFM6L0RN8	581	0	15
6YGZG117Y18TYYYVYYZZGWPTRNMNZYM8NJ4AQG1Z	ADAGUJNWMEPT6	581	0	15
6YGZG117Y18TYYYVYYZZKJ2ZTRYE1W0ZVJWF0TC0	A1LY3NJTYW9TFF	581	0	15
6YGZG117Y18TYYYVYYZZQZ8Y2ZZKMJH8KJY6G020	A14WWG6NKBDWGP	581	60	15
6YGZG117Y18TYYYVYYZZJW5ZW9R40YCCJ80X2YF0	A1VYRD3HO2WDUN	581	0	15
6YGZG117Y18TYYYVYYZZQG0Z4ZZVQY58M2YQR2VZ	A1XUURRBT9RYFW	581	5	15
6YGZG117Y18TYYYVYYZZ4W0Z4NY88RHRV3ZZVSK0	A1M0SEWUJYX9K0	581	10	15
6YGZG117Y18TYYYVYYZZSXXT57ZJXHVMMQY23VWZ	A2KBTYNGUFRB9N	581	40	15
6YGZG117Y18TYYYVYYZZJ1MWMDZY7GKZXVY8YZRZ	A3POYFULMTNW1H	581	30	15
6YGZG117Y18TYYYVYYZZKWSZSMY731GTNCN53YQ0	ARQ4J4TLTPBNC	581	0	15
6YGZG117Y18TYYYVYYZZKSA0RSZD235RTEMFMA3Z	A1AVJRFM6L0RN8	591	0	22
6YGZG117Y18TYYYVYYZZGWPTRNMNZYM8NJ4AQG1Z	ADAGUJNWMEPT6	591	5	22
6YGZG117Y18TYYYVYYZZKJ2ZTRYE1W0ZVJWF0TC0	A1LY3NJTYW9TFF	591	0	22
6YGZG117Y18TYYYVYYZZQZ8Y2ZZKMJH8KJY6G020	A14WWG6NKBDWGP	591	50	22
6YGZG117Y18TYYYVYYZZJW5ZW9R40YCCJ80X2YF0	A1VYRD3HO2WDUN	591	0	22
6YGZG117Y18TYYYVYYZZQG0Z4ZZVQY58M2YQR2VZ	A1XUURRBT9RYFW	591	5	22
6YGZG117Y18TYYYVYYZZ4W0Z4NY88RHRV3ZZVSK0	A1M0SEWUJYX9K0	591	0	22
6YGZG117Y18TYYYVYYZZSXXT57ZJXHVMMQY23VWZ	A2KBTYNGUFRB9N	591	50	22
6YGZG117Y18TYYYVYYZZJ1MWMDZY7GKZXVY8YZRZ	A3POYFULMTNW1H	591	0	22
6YGZG117Y18TYYYVYYZZKWSZSMY731GTNCN53YQ0	ARQ4J4TLTPBNC	591	0	22
6YGZG117Y18TYYYVYYZZKSA0RSZD235RTEMFMA3Z	A1AVJRFM6L0RN8	580	0	24
6YGZG117Y18TYYYVYYZZGWPTRNMNZYM8NJ4AQG1Z	ADAGUJNWMEPT6	580	0	24
6YGZG117Y18TYYYVYYZZKJ2ZTRYE1W0ZVJWF0TC0	A1LY3NJTYW9TFF	580	0	24
6YGZG117Y18TYYYVYYZZQZ8Y2ZZKMJH8KJY6G020	A14WWG6NKBDWGP	580	50	24
6YGZG117Y18TYYYVYYZZJW5ZW9R40YCCJ80X2YF0	A1VYRD3HO2WDUN	580	0	24
6YGZG117Y18TYYYVYYZZQG0Z4ZZVQY58M2YQR2VZ	A1XUURRBT9RYFW	580	0	24
6YGZG117Y18TYYYVYYZZ4W0Z4NY88RHRV3ZZVSK0	A1M0SEWUJYX9K0	580	20	24
6YGZG117Y18TYYYVYYZZSXXT57ZJXHVMMQY23VWZ	A2KBTYNGUFRB9N	580	70	24
6YGZG117Y18TYYYVYYZZJ1MWMDZY7GKZXVY8YZRZ	A3POYFULMTNW1H	580	50	24
6YGZG117Y18TYYYVYYZZKWSZSMY731GTNCN53YQ0	ARQ4J4TLTPBNC	580	10	24
6YGZG117Y18TYYYVYYZZKSA0RSZD235RTEMFMA3Z	A1AVJRFM6L0RN8	590	0	2
6YGZG117Y18TYYYVYYZZGWPTRNMNZYM8NJ4AQG1Z	ADAGUJNWMEPT6	590	10	2
6YGZG117Y18TYYYVYYZZKJ2ZTRYE1W0ZVJWF0TC0	A1LY3NJTYW9TFF	590	0	2
6YGZG117Y18TYYYVYYZZQZ8Y2ZZKMJH8KJY6G020	A14WWG6NKBDWGP	590	60	2
6YGZG117Y18TYYYVYYZZJW5ZW9R40YCCJ80X2YF0	A1VYRD3HO2WDUN	590	0	2
6YGZG117Y18TYYYVYYZZQG0Z4ZZVQY58M2YQR2VZ	A1XUURRBT9RYFW	590	0	2
6YGZG117Y18TYYYVYYZZ4W0Z4NY88RHRV3ZZVSK0	A1M0SEWUJYX9K0	590	0	2
6YGZG117Y18TYYYVYYZZSXXT57ZJXHVMMQY23VWZ	A2KBTYNGUFRB9N	590	60	2
6YGZG117Y18TYYYVYYZZJ1MWMDZY7GKZXVY8YZRZ	A3POYFULMTNW1H	590	0	2
6YGZG117Y18TYYYVYYZZKWSZSMY731GTNCN53YQ0	ARQ4J4TLTPBNC	590	0	2
6YGZG117Y18TYYYVYYZZKSA0RSZD235RTEMFMA3Z	A1AVJRFM6L0RN8	589	0	12
6YGZG117Y18TYYYVYYZZGWPTRNMNZYM8NJ4AQG1Z	ADAGUJNWMEPT6	589	0	12
6YGZG117Y18TYYYVYYZZKJ2ZTRYE1W0ZVJWF0TC0	A1LY3NJTYW9TFF	589	30	12
6YGZG117Y18TYYYVYYZZQZ8Y2ZZKMJH8KJY6G020	A14WWG6NKBDWGP	589	0	12
6YGZG117Y18TYYYVYYZZJW5ZW9R40YCCJ80X2YF0	A1VYRD3HO2WDUN	589	0	12
6YGZG117Y18TYYYVYYZZQG0Z4ZZVQY58M2YQR2VZ	A1XUURRBT9RYFW	589	10	12
6YGZG117Y18TYYYVYYZZ4W0Z4NY88RHRV3ZZVSK0	A1M0SEWUJYX9K0	589	0	12
6YGZG117Y18TYYYVYYZZSXXT57ZJXHVMMQY23VWZ	A2KBTYNGUFRB9N	589	60	12
6YGZG117Y18TYYYVYYZZJ1MWMDZY7GKZXVY8YZRZ	A3POYFULMTNW1H	589	0	12
6YGZG117Y18TYYYVYYZZKWSZSMY731GTNCN53YQ0	ARQ4J4TLTPBNC	589	0	12
6YGZG117Y18TYYYVYYZZKSA0RSZD235RTEMFMA3Z	A1AVJRFM6L0RN8	588	0	16
6YGZG117Y18TYYYVYYZZGWPTRNMNZYM8NJ4AQG1Z	ADAGUJNWMEPT6	588	10	16
6YGZG117Y18TYYYVYYZZKJ2ZTRYE1W0ZVJWF0TC0	A1LY3NJTYW9TFF	588	0	16
6YGZG117Y18TYYYVYYZZQZ8Y2ZZKMJH8KJY6G020	A14WWG6NKBDWGP	588	0	16
6YGZG117Y18TYYYVYYZZJW5ZW9R40YCCJ80X2YF0	A1VYRD3HO2WDUN	588	0	16
6YGZG117Y18TYYYVYYZZQG0Z4ZZVQY58M2YQR2VZ	A1XUURRBT9RYFW	588	0	16
6YGZG117Y18TYYYVYYZZ4W0Z4NY88RHRV3ZZVSK0	A1M0SEWUJYX9K0	588	0	16
6YGZG117Y18TYYYVYYZZSXXT57ZJXHVMMQY23VWZ	A2KBTYNGUFRB9N	588	100	16
6YGZG117Y18TYYYVYYZZJ1MWMDZY7GKZXVY8YZRZ	A3POYFULMTNW1H	588	20	16
6YGZG117Y18TYYYVYYZZKWSZSMY731GTNCN53YQ0	ARQ4J4TLTPBNC	588	0	16
6YGZG117Y18TYYYVYYZZKSA0RSZD235RTEMFMA3Z	A1AVJRFM6L0RN8	599	0	2
6YGZG117Y18TYYYVYYZZGWPTRNMNZYM8NJ4AQG1Z	ADAGUJNWMEPT6	599	0	2
6YGZG117Y18TYYYVYYZZKJ2ZTRYE1W0ZVJWF0TC0	A1LY3NJTYW9TFF	599	0	2
6YGZG117Y18TYYYVYYZZQZ8Y2ZZKMJH8KJY6G020	A14WWG6NKBDWGP	599	0	2
6YGZG117Y18TYYYVYYZZJW5ZW9R40YCCJ80X2YF0	A1VYRD3HO2WDUN	599	0	2
6YGZG117Y18TYYYVYYZZQG0Z4ZZVQY58M2YQR2VZ	A1XUURRBT9RYFW	599	0	2
6YGZG117Y18TYYYVYYZZ4W0Z4NY88RHRV3ZZVSK0	A1M0SEWUJYX9K0	599	0	2
6YGZG117Y18TYYYVYYZZSXXT57ZJXHVMMQY23VWZ	A2KBTYNGUFRB9N	599	0	2
6YGZG117Y18TYYYVYYZZJ1MWMDZY7GKZXVY8YZRZ	A3POYFULMTNW1H	599	5	2
6YGZG117Y18TYYYVYYZZKWSZSMY731GTNCN53YQ0	ARQ4J4TLTPBNC	599	40	2
6YGZG117Y18TYYYVYYZZKSA0RSZD235RTEMFMA3Z	A1AVJRFM6L0RN8	598	0	2
6YGZG117Y18TYYYVYYZZGWPTRNMNZYM8NJ4AQG1Z	ADAGUJNWMEPT6	598	10	2
6YGZG117Y18TYYYVYYZZKJ2ZTRYE1W0ZVJWF0TC0	A1LY3NJTYW9TFF	598	0	2
6YGZG117Y18TYYYVYYZZQZ8Y2ZZKMJH8KJY6G020	A14WWG6NKBDWGP	598	0	2
6YGZG117Y18TYYYVYYZZJW5ZW9R40YCCJ80X2YF0	A1VYRD3HO2WDUN	598	0	2
6YGZG117Y18TYYYVYYZZQG0Z4ZZVQY58M2YQR2VZ	A1XUURRBT9RYFW	598	0	2
6YGZG117Y18TYYYVYYZZ4W0Z4NY88RHRV3ZZVSK0	A1M0SEWUJYX9K0	598	10	2
6YGZG117Y18TYYYVYYZZSXXT57ZJXHVMMQY23VWZ	A2KBTYNGUFRB9N	598	0	2
6YGZG117Y18TYYYVYYZZJ1MWMDZY7GKZXVY8YZRZ	A3POYFULMTNW1H	598	3	2
6YGZG117Y18TYYYVYYZZKWSZSMY731GTNCN53YQ0	ARQ4J4TLTPBNC	598	0	2
6YGZG117Y18TYYYVYYZZKSA0RSZD235RTEMFMA3Z	A1AVJRFM6L0RN8	587	75	56
6YGZG117Y18TYYYVYYZZGWPTRNMNZYM8NJ4AQG1Z	ADAGUJNWMEPT6	587	15	56
6YGZG117Y18TYYYVYYZZKJ2ZTRYE1W0ZVJWF0TC0	A1LY3NJTYW9TFF	587	30	56
6YGZG117Y18TYYYVYYZZQZ8Y2ZZKMJH8KJY6G020	A14WWG6NKBDWGP	587	30	56
6YGZG117Y18TYYYVYYZZJW5ZW9R40YCCJ80X2YF0	A1VYRD3HO2WDUN	587	0	56
6YGZG117Y18TYYYVYYZZQG0Z4ZZVQY58M2YQR2VZ	A1XUURRBT9RYFW	587	0	56
6YGZG117Y18TYYYVYYZZ4W0Z4NY88RHRV3ZZVSK0	A1M0SEWUJYX9K0	587	25	56
6YGZG117Y18TYYYVYYZZSXXT57ZJXHVMMQY23VWZ	A2KBTYNGUFRB9N	587	20	56
6YGZG117Y18TYYYVYYZZJ1MWMDZY7GKZXVY8YZRZ	A3POYFULMTNW1H	587	0	56
6YGZG117Y18TYYYVYYZZKWSZSMY731GTNCN53YQ0	ARQ4J4TLTPBNC	587	70	56
6YGZG117Y18TYYYVYYZZKSA0RSZD235RTEMFMA3Z	A1AVJRFM6L0RN8	597	0	8
6YGZG117Y18TYYYVYYZZGWPTRNMNZYM8NJ4AQG1Z	ADAGUJNWMEPT6	597	0	8
6YGZG117Y18TYYYVYYZZKJ2ZTRYE1W0ZVJWF0TC0	A1LY3NJTYW9TFF	597	0	8
6YGZG117Y18TYYYVYYZZQZ8Y2ZZKMJH8KJY6G020	A14WWG6NKBDWGP	597	50	8
6YGZG117Y18TYYYVYYZZJW5ZW9R40YCCJ80X2YF0	A1VYRD3HO2WDUN	597	5	8
6YGZG117Y18TYYYVYYZZQG0Z4ZZVQY58M2YQR2VZ	A1XUURRBT9RYFW	597	0	8
6YGZG117Y18TYYYVYYZZ4W0Z4NY88RHRV3ZZVSK0	A1M0SEWUJYX9K0	597	15	8
6YGZG117Y18TYYYVYYZZSXXT57ZJXHVMMQY23VWZ	A2KBTYNGUFRB9N	597	40	8
6YGZG117Y18TYYYVYYZZJ1MWMDZY7GKZXVY8YZRZ	A3POYFULMTNW1H	597	20	8
6YGZG117Y18TYYYVYYZZKWSZSMY731GTNCN53YQ0	ARQ4J4TLTPBNC	597	0	8
6YGZG117Y18TYYYVYYZZKSA0RSZD235RTEMFMA3Z	A1AVJRFM6L0RN8	586	25	40
6YGZG117Y18TYYYVYYZZGWPTRNMNZYM8NJ4AQG1Z	ADAGUJNWMEPT6	586	0	40
6YGZG117Y18TYYYVYYZZKJ2ZTRYE1W0ZVJWF0TC0	A1LY3NJTYW9TFF	586	20	40
6YGZG117Y18TYYYVYYZZQZ8Y2ZZKMJH8KJY6G020	A14WWG6NKBDWGP	586	50	40
6YGZG117Y18TYYYVYYZZJW5ZW9R40YCCJ80X2YF0	A1VYRD3HO2WDUN	586	5	40
6YGZG117Y18TYYYVYYZZQG0Z4ZZVQY58M2YQR2VZ	A1XUURRBT9RYFW	586	5	40
6YGZG117Y18TYYYVYYZZ4W0Z4NY88RHRV3ZZVSK0	A1M0SEWUJYX9K0	586	50	40
6YGZG117Y18TYYYVYYZZSXXT57ZJXHVMMQY23VWZ	A2KBTYNGUFRB9N	586	30	40
6YGZG117Y18TYYYVYYZZJ1MWMDZY7GKZXVY8YZRZ	A3POYFULMTNW1H	586	0	40
6YGZG117Y18TYYYVYYZZKWSZSMY731GTNCN53YQ0	ARQ4J4TLTPBNC	586	80	40
6YGZG117Y18TYYYVYYZZKSA0RSZD235RTEMFMA3Z	A1AVJRFM6L0RN8	585	0	46
6YGZG117Y18TYYYVYYZZGWPTRNMNZYM8NJ4AQG1Z	ADAGUJNWMEPT6	585	20	46
6YGZG117Y18TYYYVYYZZKJ2ZTRYE1W0ZVJWF0TC0	A1LY3NJTYW9TFF	585	0	46
6YGZG117Y18TYYYVYYZZQZ8Y2ZZKMJH8KJY6G020	A14WWG6NKBDWGP	585	50	46
6YGZG117Y18TYYYVYYZZJW5ZW9R40YCCJ80X2YF0	A1VYRD3HO2WDUN	585	50	46
6YGZG117Y18TYYYVYYZZQG0Z4ZZVQY58M2YQR2VZ	A1XUURRBT9RYFW	585	25	46
6YGZG117Y18TYYYVYYZZ4W0Z4NY88RHRV3ZZVSK0	A1M0SEWUJYX9K0	585	90	46
6YGZG117Y18TYYYVYYZZSXXT57ZJXHVMMQY23VWZ	A2KBTYNGUFRB9N	585	90	46
6YGZG117Y18TYYYVYYZZJ1MWMDZY7GKZXVY8YZRZ	A3POYFULMTNW1H	585	75	46
6YGZG117Y18TYYYVYYZZKWSZSMY731GTNCN53YQ0	ARQ4J4TLTPBNC	585	100	46
6YGZG117Y18TYYYVYYZZKSA0RSZD235RTEMFMA3Z	A1AVJRFM6L0RN8	596	50	79
6YGZG117Y18TYYYVYYZZGWPTRNMNZYM8NJ4AQG1Z	ADAGUJNWMEPT6	596	5	79
6YGZG117Y18TYYYVYYZZKJ2ZTRYE1W0ZVJWF0TC0	A1LY3NJTYW9TFF	596	0	79
6YGZG117Y18TYYYVYYZZQZ8Y2ZZKMJH8KJY6G020	A14WWG6NKBDWGP	596	20	79
6YGZG117Y18TYYYVYYZZJW5ZW9R40YCCJ80X2YF0	A1VYRD3HO2WDUN	596	5	79
6YGZG117Y18TYYYVYYZZQG0Z4ZZVQY58M2YQR2VZ	A1XUURRBT9RYFW	596	10	79
6YGZG117Y18TYYYVYYZZ4W0Z4NY88RHRV3ZZVSK0	A1M0SEWUJYX9K0	596	50	79
6YGZG117Y18TYYYVYYZZSXXT57ZJXHVMMQY23VWZ	A2KBTYNGUFRB9N	596	70	79
6YGZG117Y18TYYYVYYZZJ1MWMDZY7GKZXVY8YZRZ	A3POYFULMTNW1H	596	0	79
6YGZG117Y18TYYYVYYZZKWSZSMY731GTNCN53YQ0	ARQ4J4TLTPBNC	596	75	79
6YGZG117Y18TYYYVYYZZKSA0RSZD235RTEMFMA3Z	A1AVJRFM6L0RN8	584	0	57
6YGZG117Y18TYYYVYYZZGWPTRNMNZYM8NJ4AQG1Z	ADAGUJNWMEPT6	584	25	57
6YGZG117Y18TYYYVYYZZKJ2ZTRYE1W0ZVJWF0TC0	A1LY3NJTYW9TFF	584	0	57
6YGZG117Y18TYYYVYYZZQZ8Y2ZZKMJH8KJY6G020	A14WWG6NKBDWGP	584	20	57
6YGZG117Y18TYYYVYYZZJW5ZW9R40YCCJ80X2YF0	A1VYRD3HO2WDUN	584	5	57
6YGZG117Y18TYYYVYYZZQG0Z4ZZVQY58M2YQR2VZ	A1XUURRBT9RYFW	584	0	57
6YGZG117Y18TYYYVYYZZ4W0Z4NY88RHRV3ZZVSK0	A1M0SEWUJYX9K0	584	70	57
6YGZG117Y18TYYYVYYZZSXXT57ZJXHVMMQY23VWZ	A2KBTYNGUFRB9N	584	30	57
6YGZG117Y18TYYYVYYZZJ1MWMDZY7GKZXVY8YZRZ	A3POYFULMTNW1H	584	0	57
6YGZG117Y18TYYYVYYZZKWSZSMY731GTNCN53YQ0	ARQ4J4TLTPBNC	584	100	57
58PRS3Z3NW04V9Y9FW2ZQWYZM2ZTGAR4NQZJSYG0	A39APWH62XBLR9	572	0	12
58PRS3Z3NW04V9Y9FW2ZEZC4Z8ZDATZ4Y1Y8BZ6Z	A1XUURRBT9RYFW	572	10	12
58PRS3Z3NW04V9Y9FW2ZN17ZPYY3N33ZT8ZWYXV0	A3EKIOVCNYJ9BJ	572	15	12
58PRS3Z3NW04V9Y9FW2ZZ8MTRT4YKR3ZZPZB48D0	A3TDUHEBFJ53NM	572	50	12
58PRS3Z3NW04V9Y9FW2ZJ92EGGHSDWAW7XHW3WMZ	AHFO0JTF5WO8J	572	0	12
58PRS3Z3NW04V9Y9FW2ZZTDZXZ4B19AJZE9YRJZ0	A2OY54JKHARPKS	572	0	12
58PRS3Z3NW04V9Y9FW2ZMKGTWP050WZTZDZCFYF0	A1XUMT8PKEPRR1	572	0	12
58PRS3Z3NW04V9Y9FW2Z18SRRVYVEZW2ZVYM69YZ	A15L6WGIK3VU7N	572	20	12
58PRS3Z3NW04V9Y9FW2ZQW8JGCZ46Z0ZZND0Z3BZ	A3POYFULMTNW1H	572	10	12
58PRS3Z3NW04V9Y9FW2Z7HX4PGN5HX2ZP1XS6GVZ	ARQ4J4TLTPBNC	572	100	12
58PRS3Z3NW04V9Y9FW2ZQWYZM2ZTGAR4NQZJSYG0	A39APWH62XBLR9	561	0	5
58PRS3Z3NW04V9Y9FW2ZEZC4Z8ZDATZ4Y1Y8BZ6Z	A1XUURRBT9RYFW	561	5	5
58PRS3Z3NW04V9Y9FW2ZN17ZPYY3N33ZT8ZWYXV0	A3EKIOVCNYJ9BJ	561	0	5
58PRS3Z3NW04V9Y9FW2ZZ8MTRT4YKR3ZZPZB48D0	A3TDUHEBFJ53NM	561	0	5
58PRS3Z3NW04V9Y9FW2ZJ92EGGHSDWAW7XHW3WMZ	AHFO0JTF5WO8J	561	40	5
58PRS3Z3NW04V9Y9FW2ZZTDZXZ4B19AJZE9YRJZ0	A2OY54JKHARPKS	561	0	5
58PRS3Z3NW04V9Y9FW2ZMKGTWP050WZTZDZCFYF0	A1XUMT8PKEPRR1	561	5	5
58PRS3Z3NW04V9Y9FW2Z18SRRVYVEZW2ZVYM69YZ	A15L6WGIK3VU7N	561	70	5
58PRS3Z3NW04V9Y9FW2ZQW8JGCZ46Z0ZZND0Z3BZ	A3POYFULMTNW1H	561	70	5
58PRS3Z3NW04V9Y9FW2Z7HX4PGN5HX2ZP1XS6GVZ	ARQ4J4TLTPBNC	561	0	5
58PRS3Z3NW04V9Y9FW2ZQWYZM2ZTGAR4NQZJSYG0	A39APWH62XBLR9	571	0	35
58PRS3Z3NW04V9Y9FW2ZEZC4Z8ZDATZ4Y1Y8BZ6Z	A1XUURRBT9RYFW	571	0	35
58PRS3Z3NW04V9Y9FW2ZN17ZPYY3N33ZT8ZWYXV0	A3EKIOVCNYJ9BJ	571	15	35
58PRS3Z3NW04V9Y9FW2ZZ8MTRT4YKR3ZZPZB48D0	A3TDUHEBFJ53NM	571	10	35
58PRS3Z3NW04V9Y9FW2ZJ92EGGHSDWAW7XHW3WMZ	AHFO0JTF5WO8J	571	0	35
58PRS3Z3NW04V9Y9FW2ZZTDZXZ4B19AJZE9YRJZ0	A2OY54JKHARPKS	571	0	35
58PRS3Z3NW04V9Y9FW2ZMKGTWP050WZTZDZCFYF0	A1XUMT8PKEPRR1	571	50	35
58PRS3Z3NW04V9Y9FW2Z18SRRVYVEZW2ZVYM69YZ	A15L6WGIK3VU7N	571	0	35
58PRS3Z3NW04V9Y9FW2ZQW8JGCZ46Z0ZZND0Z3BZ	A3POYFULMTNW1H	571	0	35
58PRS3Z3NW04V9Y9FW2Z7HX4PGN5HX2ZP1XS6GVZ	ARQ4J4TLTPBNC	571	0	35
58PRS3Z3NW04V9Y9FW2ZQWYZM2ZTGAR4NQZJSYG0	A39APWH62XBLR9	560	0	44
58PRS3Z3NW04V9Y9FW2ZEZC4Z8ZDATZ4Y1Y8BZ6Z	A1XUURRBT9RYFW	560	0	44
58PRS3Z3NW04V9Y9FW2ZN17ZPYY3N33ZT8ZWYXV0	A3EKIOVCNYJ9BJ	560	40	44
58PRS3Z3NW04V9Y9FW2ZZ8MTRT4YKR3ZZPZB48D0	A3TDUHEBFJ53NM	560	50	44
58PRS3Z3NW04V9Y9FW2ZJ92EGGHSDWAW7XHW3WMZ	AHFO0JTF5WO8J	560	65	44
58PRS3Z3NW04V9Y9FW2ZZTDZXZ4B19AJZE9YRJZ0	A2OY54JKHARPKS	560	1	44
58PRS3Z3NW04V9Y9FW2ZMKGTWP050WZTZDZCFYF0	A1XUMT8PKEPRR1	560	40	44
58PRS3Z3NW04V9Y9FW2Z18SRRVYVEZW2ZVYM69YZ	A15L6WGIK3VU7N	560	0	44
58PRS3Z3NW04V9Y9FW2ZQW8JGCZ46Z0ZZND0Z3BZ	A3POYFULMTNW1H	560	70	44
58PRS3Z3NW04V9Y9FW2Z7HX4PGN5HX2ZP1XS6GVZ	ARQ4J4TLTPBNC	560	0	44
58PRS3Z3NW04V9Y9FW2ZQWYZM2ZTGAR4NQZJSYG0	A39APWH62XBLR9	570	0	23
58PRS3Z3NW04V9Y9FW2ZEZC4Z8ZDATZ4Y1Y8BZ6Z	A1XUURRBT9RYFW	570	5	23
58PRS3Z3NW04V9Y9FW2ZN17ZPYY3N33ZT8ZWYXV0	A3EKIOVCNYJ9BJ	570	0	23
58PRS3Z3NW04V9Y9FW2ZZ8MTRT4YKR3ZZPZB48D0	A3TDUHEBFJ53NM	570	0	23
58PRS3Z3NW04V9Y9FW2ZJ92EGGHSDWAW7XHW3WMZ	AHFO0JTF5WO8J	570	0	23
58PRS3Z3NW04V9Y9FW2ZZTDZXZ4B19AJZE9YRJZ0	A2OY54JKHARPKS	570	0	23
58PRS3Z3NW04V9Y9FW2ZMKGTWP050WZTZDZCFYF0	A1XUMT8PKEPRR1	570	50	23
58PRS3Z3NW04V9Y9FW2Z18SRRVYVEZW2ZVYM69YZ	A15L6WGIK3VU7N	570	42	23
58PRS3Z3NW04V9Y9FW2ZQW8JGCZ46Z0ZZND0Z3BZ	A3POYFULMTNW1H	570	30	23
58PRS3Z3NW04V9Y9FW2Z7HX4PGN5HX2ZP1XS6GVZ	ARQ4J4TLTPBNC	570	0	23
58PRS3Z3NW04V9Y9FW2ZQWYZM2ZTGAR4NQZJSYG0	A39APWH62XBLR9	569	0	5
58PRS3Z3NW04V9Y9FW2ZEZC4Z8ZDATZ4Y1Y8BZ6Z	A1XUURRBT9RYFW	569	5	5
58PRS3Z3NW04V9Y9FW2ZN17ZPYY3N33ZT8ZWYXV0	A3EKIOVCNYJ9BJ	569	0	5
58PRS3Z3NW04V9Y9FW2ZZ8MTRT4YKR3ZZPZB48D0	A3TDUHEBFJ53NM	569	0	5
58PRS3Z3NW04V9Y9FW2ZJ92EGGHSDWAW7XHW3WMZ	AHFO0JTF5WO8J	569	0	5
58PRS3Z3NW04V9Y9FW2ZZTDZXZ4B19AJZE9YRJZ0	A2OY54JKHARPKS	569	0	5
58PRS3Z3NW04V9Y9FW2ZMKGTWP050WZTZDZCFYF0	A1XUMT8PKEPRR1	569	0	5
58PRS3Z3NW04V9Y9FW2Z18SRRVYVEZW2ZVYM69YZ	A15L6WGIK3VU7N	569	0	5
58PRS3Z3NW04V9Y9FW2ZQW8JGCZ46Z0ZZND0Z3BZ	A3POYFULMTNW1H	569	99	5
58PRS3Z3NW04V9Y9FW2Z7HX4PGN5HX2ZP1XS6GVZ	ARQ4J4TLTPBNC	569	0	5
58PRS3Z3NW04V9Y9FW2ZQWYZM2ZTGAR4NQZJSYG0	A39APWH62XBLR9	568	20	9
58PRS3Z3NW04V9Y9FW2ZEZC4Z8ZDATZ4Y1Y8BZ6Z	A1XUURRBT9RYFW	568	10	9
58PRS3Z3NW04V9Y9FW2ZN17ZPYY3N33ZT8ZWYXV0	A3EKIOVCNYJ9BJ	568	0	9
58PRS3Z3NW04V9Y9FW2ZZ8MTRT4YKR3ZZPZB48D0	A3TDUHEBFJ53NM	568	20	9
58PRS3Z3NW04V9Y9FW2ZJ92EGGHSDWAW7XHW3WMZ	AHFO0JTF5WO8J	568	0	9
58PRS3Z3NW04V9Y9FW2ZZTDZXZ4B19AJZE9YRJZ0	A2OY54JKHARPKS	568	0	9
58PRS3Z3NW04V9Y9FW2ZMKGTWP050WZTZDZCFYF0	A1XUMT8PKEPRR1	568	0	9
58PRS3Z3NW04V9Y9FW2Z18SRRVYVEZW2ZVYM69YZ	A15L6WGIK3VU7N	568	5	9
58PRS3Z3NW04V9Y9FW2ZQW8JGCZ46Z0ZZND0Z3BZ	A3POYFULMTNW1H	568	0	9
58PRS3Z3NW04V9Y9FW2Z7HX4PGN5HX2ZP1XS6GVZ	ARQ4J4TLTPBNC	568	0	9
58PRS3Z3NW04V9Y9FW2ZQWYZM2ZTGAR4NQZJSYG0	A39APWH62XBLR9	579	0	13
58PRS3Z3NW04V9Y9FW2ZEZC4Z8ZDATZ4Y1Y8BZ6Z	A1XUURRBT9RYFW	579	10	13
58PRS3Z3NW04V9Y9FW2ZN17ZPYY3N33ZT8ZWYXV0	A3EKIOVCNYJ9BJ	579	10	13
58PRS3Z3NW04V9Y9FW2ZZ8MTRT4YKR3ZZPZB48D0	A3TDUHEBFJ53NM	579	10	13
58PRS3Z3NW04V9Y9FW2ZJ92EGGHSDWAW7XHW3WMZ	AHFO0JTF5WO8J	579	0	13
58PRS3Z3NW04V9Y9FW2ZZTDZXZ4B19AJZE9YRJZ0	A2OY54JKHARPKS	579	20	13
58PRS3Z3NW04V9Y9FW2ZMKGTWP050WZTZDZCFYF0	A1XUMT8PKEPRR1	579	0	13
58PRS3Z3NW04V9Y9FW2Z18SRRVYVEZW2ZVYM69YZ	A15L6WGIK3VU7N	579	10	13
58PRS3Z3NW04V9Y9FW2ZQW8JGCZ46Z0ZZND0Z3BZ	A3POYFULMTNW1H	579	20	13
58PRS3Z3NW04V9Y9FW2Z7HX4PGN5HX2ZP1XS6GVZ	ARQ4J4TLTPBNC	579	100	13
58PRS3Z3NW04V9Y9FW2ZQWYZM2ZTGAR4NQZJSYG0	A39APWH62XBLR9	567	0	29
58PRS3Z3NW04V9Y9FW2ZEZC4Z8ZDATZ4Y1Y8BZ6Z	A1XUURRBT9RYFW	567	10	29
58PRS3Z3NW04V9Y9FW2ZN17ZPYY3N33ZT8ZWYXV0	A3EKIOVCNYJ9BJ	567	20	29
58PRS3Z3NW04V9Y9FW2ZZ8MTRT4YKR3ZZPZB48D0	A3TDUHEBFJ53NM	567	0	29
58PRS3Z3NW04V9Y9FW2ZJ92EGGHSDWAW7XHW3WMZ	AHFO0JTF5WO8J	567	0	29
58PRS3Z3NW04V9Y9FW2ZZTDZXZ4B19AJZE9YRJZ0	A2OY54JKHARPKS	567	0	29
58PRS3Z3NW04V9Y9FW2ZMKGTWP050WZTZDZCFYF0	A1XUMT8PKEPRR1	567	50	29
58PRS3Z3NW04V9Y9FW2Z18SRRVYVEZW2ZVYM69YZ	A15L6WGIK3VU7N	567	16	29
58PRS3Z3NW04V9Y9FW2ZQW8JGCZ46Z0ZZND0Z3BZ	A3POYFULMTNW1H	567	50	29
58PRS3Z3NW04V9Y9FW2Z7HX4PGN5HX2ZP1XS6GVZ	ARQ4J4TLTPBNC	567	0	29
58PRS3Z3NW04V9Y9FW2ZQWYZM2ZTGAR4NQZJSYG0	A39APWH62XBLR9	578	30	12
58PRS3Z3NW04V9Y9FW2ZEZC4Z8ZDATZ4Y1Y8BZ6Z	A1XUURRBT9RYFW	578	10	12
58PRS3Z3NW04V9Y9FW2ZN17ZPYY3N33ZT8ZWYXV0	A3EKIOVCNYJ9BJ	578	5	12
58PRS3Z3NW04V9Y9FW2ZZ8MTRT4YKR3ZZPZB48D0	A3TDUHEBFJ53NM	578	10	12
58PRS3Z3NW04V9Y9FW2ZJ92EGGHSDWAW7XHW3WMZ	AHFO0JTF5WO8J	578	0	12
58PRS3Z3NW04V9Y9FW2ZZTDZXZ4B19AJZE9YRJZ0	A2OY54JKHARPKS	578	0	12
58PRS3Z3NW04V9Y9FW2ZMKGTWP050WZTZDZCFYF0	A1XUMT8PKEPRR1	578	75	12
58PRS3Z3NW04V9Y9FW2Z18SRRVYVEZW2ZVYM69YZ	A15L6WGIK3VU7N	578	0	12
58PRS3Z3NW04V9Y9FW2ZQW8JGCZ46Z0ZZND0Z3BZ	A3POYFULMTNW1H	578	0	12
58PRS3Z3NW04V9Y9FW2Z7HX4PGN5HX2ZP1XS6GVZ	ARQ4J4TLTPBNC	578	0	12
58PRS3Z3NW04V9Y9FW2ZQWYZM2ZTGAR4NQZJSYG0	A39APWH62XBLR9	577	10	16
58PRS3Z3NW04V9Y9FW2ZEZC4Z8ZDATZ4Y1Y8BZ6Z	A1XUURRBT9RYFW	577	5	16
58PRS3Z3NW04V9Y9FW2ZN17ZPYY3N33ZT8ZWYXV0	A3EKIOVCNYJ9BJ	577	10	16
58PRS3Z3NW04V9Y9FW2ZZ8MTRT4YKR3ZZPZB48D0	A3TDUHEBFJ53NM	577	10	16
58PRS3Z3NW04V9Y9FW2ZJ92EGGHSDWAW7XHW3WMZ	AHFO0JTF5WO8J	577	0	16
58PRS3Z3NW04V9Y9FW2ZZTDZXZ4B19AJZE9YRJZ0	A2OY54JKHARPKS	577	0	16
58PRS3Z3NW04V9Y9FW2ZMKGTWP050WZTZDZCFYF0	A1XUMT8PKEPRR1	577	0	16
58PRS3Z3NW04V9Y9FW2Z18SRRVYVEZW2ZVYM69YZ	A15L6WGIK3VU7N	577	20	16
58PRS3Z3NW04V9Y9FW2ZQW8JGCZ46Z0ZZND0Z3BZ	A3POYFULMTNW1H	577	0	16
58PRS3Z3NW04V9Y9FW2Z7HX4PGN5HX2ZP1XS6GVZ	ARQ4J4TLTPBNC	577	0	16
58PRS3Z3NW04V9Y9FW2ZQWYZM2ZTGAR4NQZJSYG0	A39APWH62XBLR9	566	0	19
58PRS3Z3NW04V9Y9FW2ZEZC4Z8ZDATZ4Y1Y8BZ6Z	A1XUURRBT9RYFW	566	2	19
58PRS3Z3NW04V9Y9FW2ZN17ZPYY3N33ZT8ZWYXV0	A3EKIOVCNYJ9BJ	566	0	19
58PRS3Z3NW04V9Y9FW2ZZ8MTRT4YKR3ZZPZB48D0	A3TDUHEBFJ53NM	566	20	19
58PRS3Z3NW04V9Y9FW2ZJ92EGGHSDWAW7XHW3WMZ	AHFO0JTF5WO8J	566	30	19
58PRS3Z3NW04V9Y9FW2ZZTDZXZ4B19AJZE9YRJZ0	A2OY54JKHARPKS	566	2	19
58PRS3Z3NW04V9Y9FW2ZMKGTWP050WZTZDZCFYF0	A1XUMT8PKEPRR1	566	50	19
58PRS3Z3NW04V9Y9FW2Z18SRRVYVEZW2ZVYM69YZ	A15L6WGIK3VU7N	566	0	19
58PRS3Z3NW04V9Y9FW2ZQW8JGCZ46Z0ZZND0Z3BZ	A3POYFULMTNW1H	566	0	19
58PRS3Z3NW04V9Y9FW2Z7HX4PGN5HX2ZP1XS6GVZ	ARQ4J4TLTPBNC	566	0	19
58PRS3Z3NW04V9Y9FW2ZQWYZM2ZTGAR4NQZJSYG0	A39APWH62XBLR9	576	10	25
58PRS3Z3NW04V9Y9FW2ZEZC4Z8ZDATZ4Y1Y8BZ6Z	A1XUURRBT9RYFW	576	50	25
58PRS3Z3NW04V9Y9FW2ZN17ZPYY3N33ZT8ZWYXV0	A3EKIOVCNYJ9BJ	576	5	25
58PRS3Z3NW04V9Y9FW2ZZ8MTRT4YKR3ZZPZB48D0	A3TDUHEBFJ53NM	576	50	25
58PRS3Z3NW04V9Y9FW2ZJ92EGGHSDWAW7XHW3WMZ	AHFO0JTF5WO8J	576	0	25
58PRS3Z3NW04V9Y9FW2ZZTDZXZ4B19AJZE9YRJZ0	A2OY54JKHARPKS	576	0	25
58PRS3Z3NW04V9Y9FW2ZMKGTWP050WZTZDZCFYF0	A1XUMT8PKEPRR1	576	50	25
58PRS3Z3NW04V9Y9FW2Z18SRRVYVEZW2ZVYM69YZ	A15L6WGIK3VU7N	576	0	25
58PRS3Z3NW04V9Y9FW2ZQW8JGCZ46Z0ZZND0Z3BZ	A3POYFULMTNW1H	576	50	25
58PRS3Z3NW04V9Y9FW2Z7HX4PGN5HX2ZP1XS6GVZ	ARQ4J4TLTPBNC	576	0	25
58PRS3Z3NW04V9Y9FW2ZQWYZM2ZTGAR4NQZJSYG0	A39APWH62XBLR9	564	0	25
58PRS3Z3NW04V9Y9FW2ZEZC4Z8ZDATZ4Y1Y8BZ6Z	A1XUURRBT9RYFW	564	0	25
58PRS3Z3NW04V9Y9FW2ZN17ZPYY3N33ZT8ZWYXV0	A3EKIOVCNYJ9BJ	564	10	25
58PRS3Z3NW04V9Y9FW2ZZ8MTRT4YKR3ZZPZB48D0	A3TDUHEBFJ53NM	564	0	25
58PRS3Z3NW04V9Y9FW2ZJ92EGGHSDWAW7XHW3WMZ	AHFO0JTF5WO8J	564	0	25
58PRS3Z3NW04V9Y9FW2ZZTDZXZ4B19AJZE9YRJZ0	A2OY54JKHARPKS	564	0	25
58PRS3Z3NW04V9Y9FW2ZMKGTWP050WZTZDZCFYF0	A1XUMT8PKEPRR1	564	0	25
58PRS3Z3NW04V9Y9FW2Z18SRRVYVEZW2ZVYM69YZ	A15L6WGIK3VU7N	564	0	25
58PRS3Z3NW04V9Y9FW2ZQW8JGCZ46Z0ZZND0Z3BZ	A3POYFULMTNW1H	564	0	25
58PRS3Z3NW04V9Y9FW2Z7HX4PGN5HX2ZP1XS6GVZ	ARQ4J4TLTPBNC	564	0	25
58PRS3Z3NW04V9Y9FW2ZQWYZM2ZTGAR4NQZJSYG0	A39APWH62XBLR9	565	20	20
58PRS3Z3NW04V9Y9FW2ZEZC4Z8ZDATZ4Y1Y8BZ6Z	A1XUURRBT9RYFW	565	5	20
58PRS3Z3NW04V9Y9FW2ZN17ZPYY3N33ZT8ZWYXV0	A3EKIOVCNYJ9BJ	565	0	20
58PRS3Z3NW04V9Y9FW2ZZ8MTRT4YKR3ZZPZB48D0	A3TDUHEBFJ53NM	565	0	20
58PRS3Z3NW04V9Y9FW2ZJ92EGGHSDWAW7XHW3WMZ	AHFO0JTF5WO8J	565	0	20
58PRS3Z3NW04V9Y9FW2ZZTDZXZ4B19AJZE9YRJZ0	A2OY54JKHARPKS	565	0	20
58PRS3Z3NW04V9Y9FW2ZMKGTWP050WZTZDZCFYF0	A1XUMT8PKEPRR1	565	0	20
58PRS3Z3NW04V9Y9FW2Z18SRRVYVEZW2ZVYM69YZ	A15L6WGIK3VU7N	565	0	20
58PRS3Z3NW04V9Y9FW2ZQW8JGCZ46Z0ZZND0Z3BZ	A3POYFULMTNW1H	565	0	20
58PRS3Z3NW04V9Y9FW2Z7HX4PGN5HX2ZP1XS6GVZ	ARQ4J4TLTPBNC	565	0	20
58PRS3Z3NW04V9Y9FW2ZQWYZM2ZTGAR4NQZJSYG0	A39APWH62XBLR9	563	0	0
58PRS3Z3NW04V9Y9FW2ZEZC4Z8ZDATZ4Y1Y8BZ6Z	A1XUURRBT9RYFW	563	5	0
58PRS3Z3NW04V9Y9FW2ZN17ZPYY3N33ZT8ZWYXV0	A3EKIOVCNYJ9BJ	563	0	0
58PRS3Z3NW04V9Y9FW2ZZ8MTRT4YKR3ZZPZB48D0	A3TDUHEBFJ53NM	563	0	0
58PRS3Z3NW04V9Y9FW2ZJ92EGGHSDWAW7XHW3WMZ	AHFO0JTF5WO8J	563	0	0
58PRS3Z3NW04V9Y9FW2ZZTDZXZ4B19AJZE9YRJZ0	A2OY54JKHARPKS	563	0	0
58PRS3Z3NW04V9Y9FW2ZMKGTWP050WZTZDZCFYF0	A1XUMT8PKEPRR1	563	50	0
58PRS3Z3NW04V9Y9FW2Z18SRRVYVEZW2ZVYM69YZ	A15L6WGIK3VU7N	563	0	0
58PRS3Z3NW04V9Y9FW2ZQW8JGCZ46Z0ZZND0Z3BZ	A3POYFULMTNW1H	563	20	0
58PRS3Z3NW04V9Y9FW2Z7HX4PGN5HX2ZP1XS6GVZ	ARQ4J4TLTPBNC	563	0	0
58PRS3Z3NW04V9Y9FW2ZQWYZM2ZTGAR4NQZJSYG0	A39APWH62XBLR9	574	0	16
58PRS3Z3NW04V9Y9FW2ZEZC4Z8ZDATZ4Y1Y8BZ6Z	A1XUURRBT9RYFW	574	0	16
58PRS3Z3NW04V9Y9FW2ZN17ZPYY3N33ZT8ZWYXV0	A3EKIOVCNYJ9BJ	574	10	16
58PRS3Z3NW04V9Y9FW2ZZ8MTRT4YKR3ZZPZB48D0	A3TDUHEBFJ53NM	574	20	16
58PRS3Z3NW04V9Y9FW2ZJ92EGGHSDWAW7XHW3WMZ	AHFO0JTF5WO8J	574	0	16
58PRS3Z3NW04V9Y9FW2ZZTDZXZ4B19AJZE9YRJZ0	A2OY54JKHARPKS	574	0	16
58PRS3Z3NW04V9Y9FW2ZMKGTWP050WZTZDZCFYF0	A1XUMT8PKEPRR1	574	0	16
58PRS3Z3NW04V9Y9FW2Z18SRRVYVEZW2ZVYM69YZ	A15L6WGIK3VU7N	574	10	16
58PRS3Z3NW04V9Y9FW2ZQW8JGCZ46Z0ZZND0Z3BZ	A3POYFULMTNW1H	574	0	16
58PRS3Z3NW04V9Y9FW2Z7HX4PGN5HX2ZP1XS6GVZ	ARQ4J4TLTPBNC	574	0	16
58PRS3Z3NW04V9Y9FW2ZQWYZM2ZTGAR4NQZJSYG0	A39APWH62XBLR9	575	0	10
58PRS3Z3NW04V9Y9FW2ZEZC4Z8ZDATZ4Y1Y8BZ6Z	A1XUURRBT9RYFW	575	5	10
58PRS3Z3NW04V9Y9FW2ZN17ZPYY3N33ZT8ZWYXV0	A3EKIOVCNYJ9BJ	575	20	10
58PRS3Z3NW04V9Y9FW2ZZ8MTRT4YKR3ZZPZB48D0	A3TDUHEBFJ53NM	575	10	10
58PRS3Z3NW04V9Y9FW2ZJ92EGGHSDWAW7XHW3WMZ	AHFO0JTF5WO8J	575	0	10
58PRS3Z3NW04V9Y9FW2ZZTDZXZ4B19AJZE9YRJZ0	A2OY54JKHARPKS	575	0	10
58PRS3Z3NW04V9Y9FW2ZMKGTWP050WZTZDZCFYF0	A1XUMT8PKEPRR1	575	0	10
58PRS3Z3NW04V9Y9FW2Z18SRRVYVEZW2ZVYM69YZ	A15L6WGIK3VU7N	575	20	10
58PRS3Z3NW04V9Y9FW2ZQW8JGCZ46Z0ZZND0Z3BZ	A3POYFULMTNW1H	575	40	10
58PRS3Z3NW04V9Y9FW2Z7HX4PGN5HX2ZP1XS6GVZ	ARQ4J4TLTPBNC	575	0	10
58PRS3Z3NW04V9Y9FW2ZQWYZM2ZTGAR4NQZJSYG0	A39APWH62XBLR9	562	0	2
58PRS3Z3NW04V9Y9FW2ZEZC4Z8ZDATZ4Y1Y8BZ6Z	A1XUURRBT9RYFW	562	0	2
58PRS3Z3NW04V9Y9FW2ZN17ZPYY3N33ZT8ZWYXV0	A3EKIOVCNYJ9BJ	562	0	2
58PRS3Z3NW04V9Y9FW2ZZ8MTRT4YKR3ZZPZB48D0	A3TDUHEBFJ53NM	562	10	2
58PRS3Z3NW04V9Y9FW2ZJ92EGGHSDWAW7XHW3WMZ	AHFO0JTF5WO8J	562	0	2
58PRS3Z3NW04V9Y9FW2ZZTDZXZ4B19AJZE9YRJZ0	A2OY54JKHARPKS	562	0	2
58PRS3Z3NW04V9Y9FW2ZMKGTWP050WZTZDZCFYF0	A1XUMT8PKEPRR1	562	0	2
58PRS3Z3NW04V9Y9FW2Z18SRRVYVEZW2ZVYM69YZ	A15L6WGIK3VU7N	562	0	2
58PRS3Z3NW04V9Y9FW2ZQW8JGCZ46Z0ZZND0Z3BZ	A3POYFULMTNW1H	562	0	2
58PRS3Z3NW04V9Y9FW2Z7HX4PGN5HX2ZP1XS6GVZ	ARQ4J4TLTPBNC	562	0	2
58PRS3Z3NW04V9Y9FW2ZQWYZM2ZTGAR4NQZJSYG0	A39APWH62XBLR9	573	50	14
58PRS3Z3NW04V9Y9FW2ZEZC4Z8ZDATZ4Y1Y8BZ6Z	A1XUURRBT9RYFW	573	5	14
58PRS3Z3NW04V9Y9FW2ZN17ZPYY3N33ZT8ZWYXV0	A3EKIOVCNYJ9BJ	573	50	14
58PRS3Z3NW04V9Y9FW2ZZ8MTRT4YKR3ZZPZB48D0	A3TDUHEBFJ53NM	573	50	14
58PRS3Z3NW04V9Y9FW2ZJ92EGGHSDWAW7XHW3WMZ	AHFO0JTF5WO8J	573	80	14
58PRS3Z3NW04V9Y9FW2ZZTDZXZ4B19AJZE9YRJZ0	A2OY54JKHARPKS	573	0	14
58PRS3Z3NW04V9Y9FW2ZMKGTWP050WZTZDZCFYF0	A1XUMT8PKEPRR1	573	50	14
58PRS3Z3NW04V9Y9FW2Z18SRRVYVEZW2ZVYM69YZ	A15L6WGIK3VU7N	573	0	14
58PRS3Z3NW04V9Y9FW2ZQW8JGCZ46Z0ZZND0Z3BZ	A3POYFULMTNW1H	573	0	14
58PRS3Z3NW04V9Y9FW2Z7HX4PGN5HX2ZP1XS6GVZ	ARQ4J4TLTPBNC	573	0	14
2HF2TVZK7YS2XJW5PG4ZNT9ZH2YXS08MTN84MXC0	A3MZF0DGGS6VEY	550	0	2
2HF2TVZK7YS2XJW5PG4Z0Z7ZY30D1WYZSKR9AHRZ	A1P7VNMICQDNJY	550	0	2
2HF2TVZK7YS2XJW5PG4ZNKBZX9Y20X4G4AZC7KB0	A1A38NLITTAW6C	550	0	2
2HF2TVZK7YS2XJW5PG4Z5YA2ZVY9XWYWWTHCWSMZ	ARPJ3NYNHTA31	550	0	2
2HF2TVZK7YS2XJW5PG4ZDJQEVSXMYZPZZN0MBSB0	A3HA3UOKO2HTOK	550	0	2
2HF2TVZK7YS2XJW5PG4ZTWJZVYHDQXC010YZEBN0	A389Z7A60D4L8I	550	0	2
2HF2TVZK7YS2XJW5PG4Z1XGZZPH0KGVZJ3Y1FW80	A3BD4NONKGONRM	550	50	2
2HF2TVZK7YS2XJW5PG4Z29QZPTMA99HZZ3XVAX40	A15L6WGIK3VU7N	550	0	2
2HF2TVZK7YS2XJW5PG4ZF3HJ30ZDPXXAX9YNQHE0	ARQ4J4TLTPBNC	550	0	2
2HF2TVZK7YS2XJW5PG4Z6WP6JNXVNHXWJW9Z41TZ	A2HNP1YL1IBFMU	550	0	2
2HF2TVZK7YS2XJW5PG4ZNT9ZH2YXS08MTN84MXC0	A3MZF0DGGS6VEY	549	0	13
2HF2TVZK7YS2XJW5PG4Z0Z7ZY30D1WYZSKR9AHRZ	A1P7VNMICQDNJY	549	0	13
2HF2TVZK7YS2XJW5PG4ZNKBZX9Y20X4G4AZC7KB0	A1A38NLITTAW6C	549	3	13
2HF2TVZK7YS2XJW5PG4Z5YA2ZVY9XWYWWTHCWSMZ	ARPJ3NYNHTA31	549	0	13
2HF2TVZK7YS2XJW5PG4ZDJQEVSXMYZPZZN0MBSB0	A3HA3UOKO2HTOK	549	0	13
2HF2TVZK7YS2XJW5PG4ZTWJZVYHDQXC010YZEBN0	A389Z7A60D4L8I	549	30	13
2HF2TVZK7YS2XJW5PG4Z1XGZZPH0KGVZJ3Y1FW80	A3BD4NONKGONRM	549	0	13
2HF2TVZK7YS2XJW5PG4Z29QZPTMA99HZZ3XVAX40	A15L6WGIK3VU7N	549	20	13
2HF2TVZK7YS2XJW5PG4ZF3HJ30ZDPXXAX9YNQHE0	ARQ4J4TLTPBNC	549	0	13
2HF2TVZK7YS2XJW5PG4Z6WP6JNXVNHXWJW9Z41TZ	A2HNP1YL1IBFMU	549	0	13
2HF2TVZK7YS2XJW5PG4ZNT9ZH2YXS08MTN84MXC0	A3MZF0DGGS6VEY	559	50	24
2HF2TVZK7YS2XJW5PG4Z0Z7ZY30D1WYZSKR9AHRZ	A1P7VNMICQDNJY	559	0	24
2HF2TVZK7YS2XJW5PG4ZNKBZX9Y20X4G4AZC7KB0	A1A38NLITTAW6C	559	7	24
2HF2TVZK7YS2XJW5PG4Z5YA2ZVY9XWYWWTHCWSMZ	ARPJ3NYNHTA31	559	0	24
2HF2TVZK7YS2XJW5PG4ZDJQEVSXMYZPZZN0MBSB0	A3HA3UOKO2HTOK	559	0	24
2HF2TVZK7YS2XJW5PG4ZTWJZVYHDQXC010YZEBN0	A389Z7A60D4L8I	559	10	24
2HF2TVZK7YS2XJW5PG4Z1XGZZPH0KGVZJ3Y1FW80	A3BD4NONKGONRM	559	0	24
2HF2TVZK7YS2XJW5PG4Z29QZPTMA99HZZ3XVAX40	A15L6WGIK3VU7N	559	0	24
2HF2TVZK7YS2XJW5PG4ZF3HJ30ZDPXXAX9YNQHE0	ARQ4J4TLTPBNC	559	0	24
2HF2TVZK7YS2XJW5PG4Z6WP6JNXVNHXWJW9Z41TZ	A2HNP1YL1IBFMU	559	10	24
2HF2TVZK7YS2XJW5PG4ZNT9ZH2YXS08MTN84MXC0	A3MZF0DGGS6VEY	548	0	9
2HF2TVZK7YS2XJW5PG4Z0Z7ZY30D1WYZSKR9AHRZ	A1P7VNMICQDNJY	548	0	9
2HF2TVZK7YS2XJW5PG4ZNKBZX9Y20X4G4AZC7KB0	A1A38NLITTAW6C	548	0	9
2HF2TVZK7YS2XJW5PG4Z5YA2ZVY9XWYWWTHCWSMZ	ARPJ3NYNHTA31	548	0	9
2HF2TVZK7YS2XJW5PG4ZDJQEVSXMYZPZZN0MBSB0	A3HA3UOKO2HTOK	548	0	9
2HF2TVZK7YS2XJW5PG4ZTWJZVYHDQXC010YZEBN0	A389Z7A60D4L8I	548	20	9
2HF2TVZK7YS2XJW5PG4Z1XGZZPH0KGVZJ3Y1FW80	A3BD4NONKGONRM	548	0	9
2HF2TVZK7YS2XJW5PG4Z29QZPTMA99HZZ3XVAX40	A15L6WGIK3VU7N	548	0	9
2HF2TVZK7YS2XJW5PG4ZF3HJ30ZDPXXAX9YNQHE0	ARQ4J4TLTPBNC	548	0	9
2HF2TVZK7YS2XJW5PG4Z6WP6JNXVNHXWJW9Z41TZ	A2HNP1YL1IBFMU	548	70	9
2HF2TVZK7YS2XJW5PG4ZNT9ZH2YXS08MTN84MXC0	A3MZF0DGGS6VEY	558	0	12
2HF2TVZK7YS2XJW5PG4Z0Z7ZY30D1WYZSKR9AHRZ	A1P7VNMICQDNJY	558	0	12
2HF2TVZK7YS2XJW5PG4ZNKBZX9Y20X4G4AZC7KB0	A1A38NLITTAW6C	558	5	12
2HF2TVZK7YS2XJW5PG4Z5YA2ZVY9XWYWWTHCWSMZ	ARPJ3NYNHTA31	558	0	12
2HF2TVZK7YS2XJW5PG4ZDJQEVSXMYZPZZN0MBSB0	A3HA3UOKO2HTOK	558	0	12
2HF2TVZK7YS2XJW5PG4ZTWJZVYHDQXC010YZEBN0	A389Z7A60D4L8I	558	30	12
2HF2TVZK7YS2XJW5PG4Z1XGZZPH0KGVZJ3Y1FW80	A3BD4NONKGONRM	558	0	12
2HF2TVZK7YS2XJW5PG4Z29QZPTMA99HZZ3XVAX40	A15L6WGIK3VU7N	558	5	12
2HF2TVZK7YS2XJW5PG4ZF3HJ30ZDPXXAX9YNQHE0	ARQ4J4TLTPBNC	558	0	12
2HF2TVZK7YS2XJW5PG4Z6WP6JNXVNHXWJW9Z41TZ	A2HNP1YL1IBFMU	558	10	12
2HF2TVZK7YS2XJW5PG4ZNT9ZH2YXS08MTN84MXC0	A3MZF0DGGS6VEY	547	0	12
2HF2TVZK7YS2XJW5PG4Z0Z7ZY30D1WYZSKR9AHRZ	A1P7VNMICQDNJY	547	0	12
2HF2TVZK7YS2XJW5PG4ZNKBZX9Y20X4G4AZC7KB0	A1A38NLITTAW6C	547	0	12
2HF2TVZK7YS2XJW5PG4Z5YA2ZVY9XWYWWTHCWSMZ	ARPJ3NYNHTA31	547	0	12
2HF2TVZK7YS2XJW5PG4ZDJQEVSXMYZPZZN0MBSB0	A3HA3UOKO2HTOK	547	0	12
2HF2TVZK7YS2XJW5PG4ZTWJZVYHDQXC010YZEBN0	A389Z7A60D4L8I	547	30	12
2HF2TVZK7YS2XJW5PG4Z1XGZZPH0KGVZJ3Y1FW80	A3BD4NONKGONRM	547	0	12
2HF2TVZK7YS2XJW5PG4Z29QZPTMA99HZZ3XVAX40	A15L6WGIK3VU7N	547	0	12
2HF2TVZK7YS2XJW5PG4ZF3HJ30ZDPXXAX9YNQHE0	ARQ4J4TLTPBNC	547	0	12
2HF2TVZK7YS2XJW5PG4Z6WP6JNXVNHXWJW9Z41TZ	A2HNP1YL1IBFMU	547	0	12
2HF2TVZK7YS2XJW5PG4ZNT9ZH2YXS08MTN84MXC0	A3MZF0DGGS6VEY	546	40	17
2HF2TVZK7YS2XJW5PG4Z0Z7ZY30D1WYZSKR9AHRZ	A1P7VNMICQDNJY	546	0	17
2HF2TVZK7YS2XJW5PG4ZNKBZX9Y20X4G4AZC7KB0	A1A38NLITTAW6C	546	0	17
2HF2TVZK7YS2XJW5PG4Z5YA2ZVY9XWYWWTHCWSMZ	ARPJ3NYNHTA31	546	0	17
2HF2TVZK7YS2XJW5PG4ZDJQEVSXMYZPZZN0MBSB0	A3HA3UOKO2HTOK	546	40	17
2HF2TVZK7YS2XJW5PG4ZTWJZVYHDQXC010YZEBN0	A389Z7A60D4L8I	546	60	17
2HF2TVZK7YS2XJW5PG4Z1XGZZPH0KGVZJ3Y1FW80	A3BD4NONKGONRM	546	0	17
2HF2TVZK7YS2XJW5PG4Z29QZPTMA99HZZ3XVAX40	A15L6WGIK3VU7N	546	0	17
2HF2TVZK7YS2XJW5PG4ZF3HJ30ZDPXXAX9YNQHE0	ARQ4J4TLTPBNC	546	0	17
2HF2TVZK7YS2XJW5PG4Z6WP6JNXVNHXWJW9Z41TZ	A2HNP1YL1IBFMU	546	0	17
2HF2TVZK7YS2XJW5PG4ZNT9ZH2YXS08MTN84MXC0	A3MZF0DGGS6VEY	557	0	6
2HF2TVZK7YS2XJW5PG4Z0Z7ZY30D1WYZSKR9AHRZ	A1P7VNMICQDNJY	557	30	6
2HF2TVZK7YS2XJW5PG4ZNKBZX9Y20X4G4AZC7KB0	A1A38NLITTAW6C	557	30	6
2HF2TVZK7YS2XJW5PG4Z5YA2ZVY9XWYWWTHCWSMZ	ARPJ3NYNHTA31	557	0	6
2HF2TVZK7YS2XJW5PG4ZDJQEVSXMYZPZZN0MBSB0	A3HA3UOKO2HTOK	557	0	6
2HF2TVZK7YS2XJW5PG4ZTWJZVYHDQXC010YZEBN0	A389Z7A60D4L8I	557	50	6
2HF2TVZK7YS2XJW5PG4Z1XGZZPH0KGVZJ3Y1FW80	A3BD4NONKGONRM	557	0	6
2HF2TVZK7YS2XJW5PG4Z29QZPTMA99HZZ3XVAX40	A15L6WGIK3VU7N	557	20	6
2HF2TVZK7YS2XJW5PG4ZF3HJ30ZDPXXAX9YNQHE0	ARQ4J4TLTPBNC	557	0	6
2HF2TVZK7YS2XJW5PG4Z6WP6JNXVNHXWJW9Z41TZ	A2HNP1YL1IBFMU	557	0	6
2HF2TVZK7YS2XJW5PG4ZNT9ZH2YXS08MTN84MXC0	A3MZF0DGGS6VEY	556	10	23
2HF2TVZK7YS2XJW5PG4Z0Z7ZY30D1WYZSKR9AHRZ	A1P7VNMICQDNJY	556	15	23
2HF2TVZK7YS2XJW5PG4ZNKBZX9Y20X4G4AZC7KB0	A1A38NLITTAW6C	556	95	23
2HF2TVZK7YS2XJW5PG4Z5YA2ZVY9XWYWWTHCWSMZ	ARPJ3NYNHTA31	556	0	23
2HF2TVZK7YS2XJW5PG4ZDJQEVSXMYZPZZN0MBSB0	A3HA3UOKO2HTOK	556	0	23
2HF2TVZK7YS2XJW5PG4ZTWJZVYHDQXC010YZEBN0	A389Z7A60D4L8I	556	30	23
2HF2TVZK7YS2XJW5PG4Z1XGZZPH0KGVZJ3Y1FW80	A3BD4NONKGONRM	556	0	23
2HF2TVZK7YS2XJW5PG4Z29QZPTMA99HZZ3XVAX40	A15L6WGIK3VU7N	556	30	23
2HF2TVZK7YS2XJW5PG4ZF3HJ30ZDPXXAX9YNQHE0	ARQ4J4TLTPBNC	556	0	23
2HF2TVZK7YS2XJW5PG4Z6WP6JNXVNHXWJW9Z41TZ	A2HNP1YL1IBFMU	556	40	23
2HF2TVZK7YS2XJW5PG4ZNT9ZH2YXS08MTN84MXC0	A3MZF0DGGS6VEY	545	0	5
2HF2TVZK7YS2XJW5PG4Z0Z7ZY30D1WYZSKR9AHRZ	A1P7VNMICQDNJY	545	100	5
2HF2TVZK7YS2XJW5PG4ZNKBZX9Y20X4G4AZC7KB0	A1A38NLITTAW6C	545	90	5
2HF2TVZK7YS2XJW5PG4Z5YA2ZVY9XWYWWTHCWSMZ	ARPJ3NYNHTA31	545	0	5
2HF2TVZK7YS2XJW5PG4ZDJQEVSXMYZPZZN0MBSB0	A3HA3UOKO2HTOK	545	0	5
2HF2TVZK7YS2XJW5PG4ZTWJZVYHDQXC010YZEBN0	A389Z7A60D4L8I	545	90	5
2HF2TVZK7YS2XJW5PG4Z1XGZZPH0KGVZJ3Y1FW80	A3BD4NONKGONRM	545	0	5
2HF2TVZK7YS2XJW5PG4Z29QZPTMA99HZZ3XVAX40	A15L6WGIK3VU7N	545	25	5
2HF2TVZK7YS2XJW5PG4ZF3HJ30ZDPXXAX9YNQHE0	ARQ4J4TLTPBNC	545	0	5
2HF2TVZK7YS2XJW5PG4Z6WP6JNXVNHXWJW9Z41TZ	A2HNP1YL1IBFMU	545	0	5
2HF2TVZK7YS2XJW5PG4ZNT9ZH2YXS08MTN84MXC0	A3MZF0DGGS6VEY	544	0	16
2HF2TVZK7YS2XJW5PG4Z0Z7ZY30D1WYZSKR9AHRZ	A1P7VNMICQDNJY	544	0	16
2HF2TVZK7YS2XJW5PG4ZNKBZX9Y20X4G4AZC7KB0	A1A38NLITTAW6C	544	0	16
2HF2TVZK7YS2XJW5PG4Z5YA2ZVY9XWYWWTHCWSMZ	ARPJ3NYNHTA31	544	0	16
2HF2TVZK7YS2XJW5PG4ZDJQEVSXMYZPZZN0MBSB0	A3HA3UOKO2HTOK	544	0	16
2HF2TVZK7YS2XJW5PG4ZTWJZVYHDQXC010YZEBN0	A389Z7A60D4L8I	544	30	16
2HF2TVZK7YS2XJW5PG4Z1XGZZPH0KGVZJ3Y1FW80	A3BD4NONKGONRM	544	0	16
2HF2TVZK7YS2XJW5PG4Z29QZPTMA99HZZ3XVAX40	A15L6WGIK3VU7N	544	0	16
2HF2TVZK7YS2XJW5PG4ZF3HJ30ZDPXXAX9YNQHE0	ARQ4J4TLTPBNC	544	0	16
2HF2TVZK7YS2XJW5PG4Z6WP6JNXVNHXWJW9Z41TZ	A2HNP1YL1IBFMU	544	0	16
2HF2TVZK7YS2XJW5PG4ZNT9ZH2YXS08MTN84MXC0	A3MZF0DGGS6VEY	555	100	20
2HF2TVZK7YS2XJW5PG4Z0Z7ZY30D1WYZSKR9AHRZ	A1P7VNMICQDNJY	555	30	20
2HF2TVZK7YS2XJW5PG4ZNKBZX9Y20X4G4AZC7KB0	A1A38NLITTAW6C	555	99	20
2HF2TVZK7YS2XJW5PG4Z5YA2ZVY9XWYWWTHCWSMZ	ARPJ3NYNHTA31	555	20	20
2HF2TVZK7YS2XJW5PG4ZDJQEVSXMYZPZZN0MBSB0	A3HA3UOKO2HTOK	555	0	20
2HF2TVZK7YS2XJW5PG4ZTWJZVYHDQXC010YZEBN0	A389Z7A60D4L8I	555	90	20
2HF2TVZK7YS2XJW5PG4Z1XGZZPH0KGVZJ3Y1FW80	A3BD4NONKGONRM	555	100	20
2HF2TVZK7YS2XJW5PG4Z29QZPTMA99HZZ3XVAX40	A15L6WGIK3VU7N	555	0	20
2HF2TVZK7YS2XJW5PG4ZF3HJ30ZDPXXAX9YNQHE0	ARQ4J4TLTPBNC	555	0	20
2HF2TVZK7YS2XJW5PG4Z6WP6JNXVNHXWJW9Z41TZ	A2HNP1YL1IBFMU	555	0	20
2HF2TVZK7YS2XJW5PG4ZNT9ZH2YXS08MTN84MXC0	A3MZF0DGGS6VEY	554	50	0
2HF2TVZK7YS2XJW5PG4Z0Z7ZY30D1WYZSKR9AHRZ	A1P7VNMICQDNJY	554	50	0
2HF2TVZK7YS2XJW5PG4ZNKBZX9Y20X4G4AZC7KB0	A1A38NLITTAW6C	554	0	0
2HF2TVZK7YS2XJW5PG4Z5YA2ZVY9XWYWWTHCWSMZ	ARPJ3NYNHTA31	554	0	0
2HF2TVZK7YS2XJW5PG4ZDJQEVSXMYZPZZN0MBSB0	A3HA3UOKO2HTOK	554	0	0
2HF2TVZK7YS2XJW5PG4ZTWJZVYHDQXC010YZEBN0	A389Z7A60D4L8I	554	20	0
2HF2TVZK7YS2XJW5PG4Z1XGZZPH0KGVZJ3Y1FW80	A3BD4NONKGONRM	554	50	0
2HF2TVZK7YS2XJW5PG4Z29QZPTMA99HZZ3XVAX40	A15L6WGIK3VU7N	554	20	0
2HF2TVZK7YS2XJW5PG4ZF3HJ30ZDPXXAX9YNQHE0	ARQ4J4TLTPBNC	554	0	0
2HF2TVZK7YS2XJW5PG4Z6WP6JNXVNHXWJW9Z41TZ	A2HNP1YL1IBFMU	554	0	0
2HF2TVZK7YS2XJW5PG4ZNT9ZH2YXS08MTN84MXC0	A3MZF0DGGS6VEY	543	0	18
2HF2TVZK7YS2XJW5PG4Z0Z7ZY30D1WYZSKR9AHRZ	A1P7VNMICQDNJY	543	0	18
2HF2TVZK7YS2XJW5PG4ZNKBZX9Y20X4G4AZC7KB0	A1A38NLITTAW6C	543	89	18
2HF2TVZK7YS2XJW5PG4Z5YA2ZVY9XWYWWTHCWSMZ	ARPJ3NYNHTA31	543	0	18
2HF2TVZK7YS2XJW5PG4ZDJQEVSXMYZPZZN0MBSB0	A3HA3UOKO2HTOK	543	0	18
2HF2TVZK7YS2XJW5PG4ZTWJZVYHDQXC010YZEBN0	A389Z7A60D4L8I	543	50	18
2HF2TVZK7YS2XJW5PG4Z1XGZZPH0KGVZJ3Y1FW80	A3BD4NONKGONRM	543	0	18
2HF2TVZK7YS2XJW5PG4Z29QZPTMA99HZZ3XVAX40	A15L6WGIK3VU7N	543	0	18
2HF2TVZK7YS2XJW5PG4ZF3HJ30ZDPXXAX9YNQHE0	ARQ4J4TLTPBNC	543	0	18
2HF2TVZK7YS2XJW5PG4Z6WP6JNXVNHXWJW9Z41TZ	A2HNP1YL1IBFMU	543	0	18
2HF2TVZK7YS2XJW5PG4ZNT9ZH2YXS08MTN84MXC0	A3MZF0DGGS6VEY	553	10	26
2HF2TVZK7YS2XJW5PG4Z0Z7ZY30D1WYZSKR9AHRZ	A1P7VNMICQDNJY	553	0	26
2HF2TVZK7YS2XJW5PG4ZNKBZX9Y20X4G4AZC7KB0	A1A38NLITTAW6C	553	89	26
2HF2TVZK7YS2XJW5PG4Z5YA2ZVY9XWYWWTHCWSMZ	ARPJ3NYNHTA31	553	0	26
2HF2TVZK7YS2XJW5PG4ZDJQEVSXMYZPZZN0MBSB0	A3HA3UOKO2HTOK	553	0	26
2HF2TVZK7YS2XJW5PG4ZTWJZVYHDQXC010YZEBN0	A389Z7A60D4L8I	553	30	26
2HF2TVZK7YS2XJW5PG4Z1XGZZPH0KGVZJ3Y1FW80	A3BD4NONKGONRM	553	0	26
2HF2TVZK7YS2XJW5PG4Z29QZPTMA99HZZ3XVAX40	A15L6WGIK3VU7N	553	0	26
2HF2TVZK7YS2XJW5PG4ZF3HJ30ZDPXXAX9YNQHE0	ARQ4J4TLTPBNC	553	0	26
2HF2TVZK7YS2XJW5PG4Z6WP6JNXVNHXWJW9Z41TZ	A2HNP1YL1IBFMU	553	80	26
2HF2TVZK7YS2XJW5PG4ZNT9ZH2YXS08MTN84MXC0	A3MZF0DGGS6VEY	542	0	4
2HF2TVZK7YS2XJW5PG4Z0Z7ZY30D1WYZSKR9AHRZ	A1P7VNMICQDNJY	542	0	4
2HF2TVZK7YS2XJW5PG4ZNKBZX9Y20X4G4AZC7KB0	A1A38NLITTAW6C	542	0	4
2HF2TVZK7YS2XJW5PG4Z5YA2ZVY9XWYWWTHCWSMZ	ARPJ3NYNHTA31	542	0	4
2HF2TVZK7YS2XJW5PG4ZDJQEVSXMYZPZZN0MBSB0	A3HA3UOKO2HTOK	542	0	4
2HF2TVZK7YS2XJW5PG4ZTWJZVYHDQXC010YZEBN0	A389Z7A60D4L8I	542	0	4
2HF2TVZK7YS2XJW5PG4Z1XGZZPH0KGVZJ3Y1FW80	A3BD4NONKGONRM	542	0	4
2HF2TVZK7YS2XJW5PG4Z29QZPTMA99HZZ3XVAX40	A15L6WGIK3VU7N	542	0	4
2HF2TVZK7YS2XJW5PG4ZF3HJ30ZDPXXAX9YNQHE0	ARQ4J4TLTPBNC	542	0	4
2HF2TVZK7YS2XJW5PG4Z6WP6JNXVNHXWJW9Z41TZ	A2HNP1YL1IBFMU	542	50	4
2HF2TVZK7YS2XJW5PG4ZNT9ZH2YXS08MTN84MXC0	A3MZF0DGGS6VEY	552	0	12
2HF2TVZK7YS2XJW5PG4Z0Z7ZY30D1WYZSKR9AHRZ	A1P7VNMICQDNJY	552	0	12
2HF2TVZK7YS2XJW5PG4ZNKBZX9Y20X4G4AZC7KB0	A1A38NLITTAW6C	552	55	12
2HF2TVZK7YS2XJW5PG4Z5YA2ZVY9XWYWWTHCWSMZ	ARPJ3NYNHTA31	552	0	12
2HF2TVZK7YS2XJW5PG4ZDJQEVSXMYZPZZN0MBSB0	A3HA3UOKO2HTOK	552	0	12
2HF2TVZK7YS2XJW5PG4ZTWJZVYHDQXC010YZEBN0	A389Z7A60D4L8I	552	40	12
2HF2TVZK7YS2XJW5PG4Z1XGZZPH0KGVZJ3Y1FW80	A3BD4NONKGONRM	552	0	12
2HF2TVZK7YS2XJW5PG4Z29QZPTMA99HZZ3XVAX40	A15L6WGIK3VU7N	552	0	12
2HF2TVZK7YS2XJW5PG4ZF3HJ30ZDPXXAX9YNQHE0	ARQ4J4TLTPBNC	552	0	12
2HF2TVZK7YS2XJW5PG4Z6WP6JNXVNHXWJW9Z41TZ	A2HNP1YL1IBFMU	552	0	12
2HF2TVZK7YS2XJW5PG4ZNT9ZH2YXS08MTN84MXC0	A3MZF0DGGS6VEY	541	0	18
2HF2TVZK7YS2XJW5PG4Z0Z7ZY30D1WYZSKR9AHRZ	A1P7VNMICQDNJY	541	50	18
2HF2TVZK7YS2XJW5PG4ZNKBZX9Y20X4G4AZC7KB0	A1A38NLITTAW6C	541	76	18
2HF2TVZK7YS2XJW5PG4Z5YA2ZVY9XWYWWTHCWSMZ	ARPJ3NYNHTA31	541	0	18
2HF2TVZK7YS2XJW5PG4ZDJQEVSXMYZPZZN0MBSB0	A3HA3UOKO2HTOK	541	0	18
2HF2TVZK7YS2XJW5PG4ZTWJZVYHDQXC010YZEBN0	A389Z7A60D4L8I	541	30	18
2HF2TVZK7YS2XJW5PG4Z1XGZZPH0KGVZJ3Y1FW80	A3BD4NONKGONRM	541	0	18
2HF2TVZK7YS2XJW5PG4Z29QZPTMA99HZZ3XVAX40	A15L6WGIK3VU7N	541	35	18
2HF2TVZK7YS2XJW5PG4ZF3HJ30ZDPXXAX9YNQHE0	ARQ4J4TLTPBNC	541	0	18
2HF2TVZK7YS2XJW5PG4Z6WP6JNXVNHXWJW9Z41TZ	A2HNP1YL1IBFMU	541	0	18
2HF2TVZK7YS2XJW5PG4ZNT9ZH2YXS08MTN84MXC0	A3MZF0DGGS6VEY	540	0	0
2HF2TVZK7YS2XJW5PG4Z0Z7ZY30D1WYZSKR9AHRZ	A1P7VNMICQDNJY	540	0	0
2HF2TVZK7YS2XJW5PG4ZNKBZX9Y20X4G4AZC7KB0	A1A38NLITTAW6C	540	0	0
2HF2TVZK7YS2XJW5PG4Z5YA2ZVY9XWYWWTHCWSMZ	ARPJ3NYNHTA31	540	0	0
2HF2TVZK7YS2XJW5PG4ZDJQEVSXMYZPZZN0MBSB0	A3HA3UOKO2HTOK	540	0	0
2HF2TVZK7YS2XJW5PG4ZTWJZVYHDQXC010YZEBN0	A389Z7A60D4L8I	540	0	0
2HF2TVZK7YS2XJW5PG4Z1XGZZPH0KGVZJ3Y1FW80	A3BD4NONKGONRM	540	0	0
2HF2TVZK7YS2XJW5PG4Z29QZPTMA99HZZ3XVAX40	A15L6WGIK3VU7N	540	0	0
2HF2TVZK7YS2XJW5PG4ZF3HJ30ZDPXXAX9YNQHE0	ARQ4J4TLTPBNC	540	0	0
2HF2TVZK7YS2XJW5PG4Z6WP6JNXVNHXWJW9Z41TZ	A2HNP1YL1IBFMU	540	0	0
2HF2TVZK7YS2XJW5PG4ZNT9ZH2YXS08MTN84MXC0	A3MZF0DGGS6VEY	551	0	0
2HF2TVZK7YS2XJW5PG4Z0Z7ZY30D1WYZSKR9AHRZ	A1P7VNMICQDNJY	551	0	0
2HF2TVZK7YS2XJW5PG4ZNKBZX9Y20X4G4AZC7KB0	A1A38NLITTAW6C	551	50	0
2HF2TVZK7YS2XJW5PG4Z5YA2ZVY9XWYWWTHCWSMZ	ARPJ3NYNHTA31	551	0	0
2HF2TVZK7YS2XJW5PG4ZDJQEVSXMYZPZZN0MBSB0	A3HA3UOKO2HTOK	551	0	0
2HF2TVZK7YS2XJW5PG4ZTWJZVYHDQXC010YZEBN0	A389Z7A60D4L8I	551	20	0
2HF2TVZK7YS2XJW5PG4Z1XGZZPH0KGVZJ3Y1FW80	A3BD4NONKGONRM	551	0	0
2HF2TVZK7YS2XJW5PG4Z29QZPTMA99HZZ3XVAX40	A15L6WGIK3VU7N	551	20	0
2HF2TVZK7YS2XJW5PG4ZF3HJ30ZDPXXAX9YNQHE0	ARQ4J4TLTPBNC	551	0	0
2HF2TVZK7YS2XJW5PG4Z6WP6JNXVNHXWJW9Z41TZ	A2HNP1YL1IBFMU	551	0	0
YW9ZZVMYWH5Z35Y661EZXY8Z5SZE2RMZS8Y6EZM0	A18WNE09USHJSG	529	60	36
YW9ZZVMYWH5Z35Y661EZ3K0ZS9Y19H4ZTJY17XZZ	AHFO0JTF5WO8J	529	75	36
YW9ZZVMYWH5Z35Y661EZEZ1ZT2YRJK82P0407R90	ALHOGP0VKKGM3	529	61	36
YW9ZZVMYWH5Z35Y661EZ3HNZY8HYWXPZGDY9FG6Z	AMJY7CKRBEI2A	529	0	36
YW9ZZVMYWH5Z35Y661EZNSBZW8ZH8XPM13HSEYMZ	A2LRADB3KFT2AO	529	5	36
YW9ZZVMYWH5Z35Y661EZ9WWZNRZHHTKTYBZ3Y9M0	A15L6WGIK3VU7N	529	0	36
YW9ZZVMYWH5Z35Y661EZ1ZDYVCYTV89ZH9ZDJW90	A8ERQT8X2HQPK	529	0	36
YW9ZZVMYWH5Z35Y661EZDKZZV8GDXW126F8MGZBZ	ARQ4J4TLTPBNC	529	0	36
YW9ZZVMYWH5Z35Y661EZGZMZ5PDC1GN0NV0XZX6Z	A1DCEOFAUIDY58	529	82	36
YW9ZZVMYWH5Z35Y661EZ1Z3C7VCCYYBZJV8BAKTZ	AZ209ZYWRSIUG	529	20	36
YW9ZZVMYWH5Z35Y661EZXY8Z5SZE2RMZS8Y6EZM0	A18WNE09USHJSG	539	10	36
YW9ZZVMYWH5Z35Y661EZ3K0ZS9Y19H4ZTJY17XZZ	AHFO0JTF5WO8J	539	0	36
YW9ZZVMYWH5Z35Y661EZEZ1ZT2YRJK82P0407R90	ALHOGP0VKKGM3	539	0	36
YW9ZZVMYWH5Z35Y661EZ3HNZY8HYWXPZGDY9FG6Z	AMJY7CKRBEI2A	539	20	36
YW9ZZVMYWH5Z35Y661EZNSBZW8ZH8XPM13HSEYMZ	A2LRADB3KFT2AO	539	25	36
YW9ZZVMYWH5Z35Y661EZ9WWZNRZHHTKTYBZ3Y9M0	A15L6WGIK3VU7N	539	10	36
YW9ZZVMYWH5Z35Y661EZ1ZDYVCYTV89ZH9ZDJW90	A8ERQT8X2HQPK	539	0	36
YW9ZZVMYWH5Z35Y661EZDKZZV8GDXW126F8MGZBZ	ARQ4J4TLTPBNC	539	0	36
YW9ZZVMYWH5Z35Y661EZGZMZ5PDC1GN0NV0XZX6Z	A1DCEOFAUIDY58	539	0	36
YW9ZZVMYWH5Z35Y661EZ1Z3C7VCCYYBZJV8BAKTZ	AZ209ZYWRSIUG	539	0	36
YW9ZZVMYWH5Z35Y661EZXY8Z5SZE2RMZS8Y6EZM0	A18WNE09USHJSG	528	65	27
YW9ZZVMYWH5Z35Y661EZ3K0ZS9Y19H4ZTJY17XZZ	AHFO0JTF5WO8J	528	80	27
YW9ZZVMYWH5Z35Y661EZEZ1ZT2YRJK82P0407R90	ALHOGP0VKKGM3	528	23	27
YW9ZZVMYWH5Z35Y661EZ3HNZY8HYWXPZGDY9FG6Z	AMJY7CKRBEI2A	528	0	27
YW9ZZVMYWH5Z35Y661EZNSBZW8ZH8XPM13HSEYMZ	A2LRADB3KFT2AO	528	0	27
YW9ZZVMYWH5Z35Y661EZ9WWZNRZHHTKTYBZ3Y9M0	A15L6WGIK3VU7N	528	25	27
YW9ZZVMYWH5Z35Y661EZ1ZDYVCYTV89ZH9ZDJW90	A8ERQT8X2HQPK	528	0	27
YW9ZZVMYWH5Z35Y661EZDKZZV8GDXW126F8MGZBZ	ARQ4J4TLTPBNC	528	0	27
YW9ZZVMYWH5Z35Y661EZGZMZ5PDC1GN0NV0XZX6Z	A1DCEOFAUIDY58	528	90	27
YW9ZZVMYWH5Z35Y661EZ1Z3C7VCCYYBZJV8BAKTZ	AZ209ZYWRSIUG	528	0	27
YW9ZZVMYWH5Z35Y661EZXY8Z5SZE2RMZS8Y6EZM0	A18WNE09USHJSG	538	25	12
YW9ZZVMYWH5Z35Y661EZ3K0ZS9Y19H4ZTJY17XZZ	AHFO0JTF5WO8J	538	20	12
YW9ZZVMYWH5Z35Y661EZEZ1ZT2YRJK82P0407R90	ALHOGP0VKKGM3	538	0	12
YW9ZZVMYWH5Z35Y661EZ3HNZY8HYWXPZGDY9FG6Z	AMJY7CKRBEI2A	538	0	12
YW9ZZVMYWH5Z35Y661EZNSBZW8ZH8XPM13HSEYMZ	A2LRADB3KFT2AO	538	0	12
YW9ZZVMYWH5Z35Y661EZ9WWZNRZHHTKTYBZ3Y9M0	A15L6WGIK3VU7N	538	14	12
YW9ZZVMYWH5Z35Y661EZ1ZDYVCYTV89ZH9ZDJW90	A8ERQT8X2HQPK	538	20	12
YW9ZZVMYWH5Z35Y661EZDKZZV8GDXW126F8MGZBZ	ARQ4J4TLTPBNC	538	0	12
YW9ZZVMYWH5Z35Y661EZGZMZ5PDC1GN0NV0XZX6Z	A1DCEOFAUIDY58	538	10	12
YW9ZZVMYWH5Z35Y661EZ1Z3C7VCCYYBZJV8BAKTZ	AZ209ZYWRSIUG	538	0	12
YW9ZZVMYWH5Z35Y661EZXY8Z5SZE2RMZS8Y6EZM0	A18WNE09USHJSG	537	0	21
YW9ZZVMYWH5Z35Y661EZ3K0ZS9Y19H4ZTJY17XZZ	AHFO0JTF5WO8J	537	60	21
YW9ZZVMYWH5Z35Y661EZEZ1ZT2YRJK82P0407R90	ALHOGP0VKKGM3	537	0	21
YW9ZZVMYWH5Z35Y661EZ3HNZY8HYWXPZGDY9FG6Z	AMJY7CKRBEI2A	537	30	21
YW9ZZVMYWH5Z35Y661EZNSBZW8ZH8XPM13HSEYMZ	A2LRADB3KFT2AO	537	0	21
YW9ZZVMYWH5Z35Y661EZ9WWZNRZHHTKTYBZ3Y9M0	A15L6WGIK3VU7N	537	10	21
YW9ZZVMYWH5Z35Y661EZ1ZDYVCYTV89ZH9ZDJW90	A8ERQT8X2HQPK	537	0	21
YW9ZZVMYWH5Z35Y661EZDKZZV8GDXW126F8MGZBZ	ARQ4J4TLTPBNC	537	0	21
YW9ZZVMYWH5Z35Y661EZGZMZ5PDC1GN0NV0XZX6Z	A1DCEOFAUIDY58	537	10	21
YW9ZZVMYWH5Z35Y661EZ1Z3C7VCCYYBZJV8BAKTZ	AZ209ZYWRSIUG	537	0	21
YW9ZZVMYWH5Z35Y661EZXY8Z5SZE2RMZS8Y6EZM0	A18WNE09USHJSG	527	15	33
YW9ZZVMYWH5Z35Y661EZ3K0ZS9Y19H4ZTJY17XZZ	AHFO0JTF5WO8J	527	50	33
YW9ZZVMYWH5Z35Y661EZEZ1ZT2YRJK82P0407R90	ALHOGP0VKKGM3	527	4	33
YW9ZZVMYWH5Z35Y661EZ3HNZY8HYWXPZGDY9FG6Z	AMJY7CKRBEI2A	527	30	33
YW9ZZVMYWH5Z35Y661EZNSBZW8ZH8XPM13HSEYMZ	A2LRADB3KFT2AO	527	0	33
YW9ZZVMYWH5Z35Y661EZ9WWZNRZHHTKTYBZ3Y9M0	A15L6WGIK3VU7N	527	25	33
YW9ZZVMYWH5Z35Y661EZ1ZDYVCYTV89ZH9ZDJW90	A8ERQT8X2HQPK	527	0	33
YW9ZZVMYWH5Z35Y661EZDKZZV8GDXW126F8MGZBZ	ARQ4J4TLTPBNC	527	0	33
YW9ZZVMYWH5Z35Y661EZGZMZ5PDC1GN0NV0XZX6Z	A1DCEOFAUIDY58	527	35	33
YW9ZZVMYWH5Z35Y661EZ1Z3C7VCCYYBZJV8BAKTZ	AZ209ZYWRSIUG	527	20	33
YW9ZZVMYWH5Z35Y661EZXY8Z5SZE2RMZS8Y6EZM0	A18WNE09USHJSG	536	25	22
YW9ZZVMYWH5Z35Y661EZ3K0ZS9Y19H4ZTJY17XZZ	AHFO0JTF5WO8J	536	25	22
YW9ZZVMYWH5Z35Y661EZEZ1ZT2YRJK82P0407R90	ALHOGP0VKKGM3	536	0	22
YW9ZZVMYWH5Z35Y661EZ3HNZY8HYWXPZGDY9FG6Z	AMJY7CKRBEI2A	536	10	22
YW9ZZVMYWH5Z35Y661EZNSBZW8ZH8XPM13HSEYMZ	A2LRADB3KFT2AO	536	25	22
YW9ZZVMYWH5Z35Y661EZ9WWZNRZHHTKTYBZ3Y9M0	A15L6WGIK3VU7N	536	0	22
YW9ZZVMYWH5Z35Y661EZ1ZDYVCYTV89ZH9ZDJW90	A8ERQT8X2HQPK	536	0	22
YW9ZZVMYWH5Z35Y661EZDKZZV8GDXW126F8MGZBZ	ARQ4J4TLTPBNC	536	0	22
YW9ZZVMYWH5Z35Y661EZGZMZ5PDC1GN0NV0XZX6Z	A1DCEOFAUIDY58	536	10	22
YW9ZZVMYWH5Z35Y661EZ1Z3C7VCCYYBZJV8BAKTZ	AZ209ZYWRSIUG	536	0	22
YW9ZZVMYWH5Z35Y661EZXY8Z5SZE2RMZS8Y6EZM0	A18WNE09USHJSG	526	10	16
YW9ZZVMYWH5Z35Y661EZ3K0ZS9Y19H4ZTJY17XZZ	AHFO0JTF5WO8J	526	20	16
YW9ZZVMYWH5Z35Y661EZEZ1ZT2YRJK82P0407R90	ALHOGP0VKKGM3	526	66	16
YW9ZZVMYWH5Z35Y661EZ3HNZY8HYWXPZGDY9FG6Z	AMJY7CKRBEI2A	526	10	16
YW9ZZVMYWH5Z35Y661EZNSBZW8ZH8XPM13HSEYMZ	A2LRADB3KFT2AO	526	25	16
YW9ZZVMYWH5Z35Y661EZ9WWZNRZHHTKTYBZ3Y9M0	A15L6WGIK3VU7N	526	0	16
YW9ZZVMYWH5Z35Y661EZ1ZDYVCYTV89ZH9ZDJW90	A8ERQT8X2HQPK	526	5	16
YW9ZZVMYWH5Z35Y661EZDKZZV8GDXW126F8MGZBZ	ARQ4J4TLTPBNC	526	0	16
YW9ZZVMYWH5Z35Y661EZGZMZ5PDC1GN0NV0XZX6Z	A1DCEOFAUIDY58	526	55	16
YW9ZZVMYWH5Z35Y661EZ1Z3C7VCCYYBZJV8BAKTZ	AZ209ZYWRSIUG	526	20	16
YW9ZZVMYWH5Z35Y661EZXY8Z5SZE2RMZS8Y6EZM0	A18WNE09USHJSG	535	50	56
YW9ZZVMYWH5Z35Y661EZ3K0ZS9Y19H4ZTJY17XZZ	AHFO0JTF5WO8J	535	70	56
YW9ZZVMYWH5Z35Y661EZEZ1ZT2YRJK82P0407R90	ALHOGP0VKKGM3	535	0	56
YW9ZZVMYWH5Z35Y661EZ3HNZY8HYWXPZGDY9FG6Z	AMJY7CKRBEI2A	535	20	56
YW9ZZVMYWH5Z35Y661EZNSBZW8ZH8XPM13HSEYMZ	A2LRADB3KFT2AO	535	0	56
YW9ZZVMYWH5Z35Y661EZ9WWZNRZHHTKTYBZ3Y9M0	A15L6WGIK3VU7N	535	5	56
YW9ZZVMYWH5Z35Y661EZ1ZDYVCYTV89ZH9ZDJW90	A8ERQT8X2HQPK	535	30	56
YW9ZZVMYWH5Z35Y661EZDKZZV8GDXW126F8MGZBZ	ARQ4J4TLTPBNC	535	0	56
YW9ZZVMYWH5Z35Y661EZGZMZ5PDC1GN0NV0XZX6Z	A1DCEOFAUIDY58	535	100	56
YW9ZZVMYWH5Z35Y661EZ1Z3C7VCCYYBZJV8BAKTZ	AZ209ZYWRSIUG	535	20	56
YW9ZZVMYWH5Z35Y661EZXY8Z5SZE2RMZS8Y6EZM0	A18WNE09USHJSG	525	25	26
YW9ZZVMYWH5Z35Y661EZ3K0ZS9Y19H4ZTJY17XZZ	AHFO0JTF5WO8J	525	20	26
YW9ZZVMYWH5Z35Y661EZEZ1ZT2YRJK82P0407R90	ALHOGP0VKKGM3	525	1	26
YW9ZZVMYWH5Z35Y661EZ3HNZY8HYWXPZGDY9FG6Z	AMJY7CKRBEI2A	525	0	26
YW9ZZVMYWH5Z35Y661EZNSBZW8ZH8XPM13HSEYMZ	A2LRADB3KFT2AO	525	0	26
YW9ZZVMYWH5Z35Y661EZ9WWZNRZHHTKTYBZ3Y9M0	A15L6WGIK3VU7N	525	0	26
YW9ZZVMYWH5Z35Y661EZ1ZDYVCYTV89ZH9ZDJW90	A8ERQT8X2HQPK	525	10	26
YW9ZZVMYWH5Z35Y661EZDKZZV8GDXW126F8MGZBZ	ARQ4J4TLTPBNC	525	0	26
YW9ZZVMYWH5Z35Y661EZGZMZ5PDC1GN0NV0XZX6Z	A1DCEOFAUIDY58	525	75	26
YW9ZZVMYWH5Z35Y661EZ1Z3C7VCCYYBZJV8BAKTZ	AZ209ZYWRSIUG	525	0	26
YW9ZZVMYWH5Z35Y661EZXY8Z5SZE2RMZS8Y6EZM0	A18WNE09USHJSG	524	35	9
YW9ZZVMYWH5Z35Y661EZ3K0ZS9Y19H4ZTJY17XZZ	AHFO0JTF5WO8J	524	0	9
YW9ZZVMYWH5Z35Y661EZEZ1ZT2YRJK82P0407R90	ALHOGP0VKKGM3	524	32	9
YW9ZZVMYWH5Z35Y661EZ3HNZY8HYWXPZGDY9FG6Z	AMJY7CKRBEI2A	524	0	9
YW9ZZVMYWH5Z35Y661EZNSBZW8ZH8XPM13HSEYMZ	A2LRADB3KFT2AO	524	0	9
YW9ZZVMYWH5Z35Y661EZ9WWZNRZHHTKTYBZ3Y9M0	A15L6WGIK3VU7N	524	0	9
YW9ZZVMYWH5Z35Y661EZ1ZDYVCYTV89ZH9ZDJW90	A8ERQT8X2HQPK	524	0	9
YW9ZZVMYWH5Z35Y661EZDKZZV8GDXW126F8MGZBZ	ARQ4J4TLTPBNC	524	0	9
YW9ZZVMYWH5Z35Y661EZGZMZ5PDC1GN0NV0XZX6Z	A1DCEOFAUIDY58	524	10	9
YW9ZZVMYWH5Z35Y661EZ1Z3C7VCCYYBZJV8BAKTZ	AZ209ZYWRSIUG	524	0	9
YW9ZZVMYWH5Z35Y661EZXY8Z5SZE2RMZS8Y6EZM0	A18WNE09USHJSG	534	25	13
YW9ZZVMYWH5Z35Y661EZ3K0ZS9Y19H4ZTJY17XZZ	AHFO0JTF5WO8J	534	75	13
YW9ZZVMYWH5Z35Y661EZEZ1ZT2YRJK82P0407R90	ALHOGP0VKKGM3	534	60	13
YW9ZZVMYWH5Z35Y661EZ3HNZY8HYWXPZGDY9FG6Z	AMJY7CKRBEI2A	534	10	13
YW9ZZVMYWH5Z35Y661EZNSBZW8ZH8XPM13HSEYMZ	A2LRADB3KFT2AO	534	0	13
YW9ZZVMYWH5Z35Y661EZ9WWZNRZHHTKTYBZ3Y9M0	A15L6WGIK3VU7N	534	0	13
YW9ZZVMYWH5Z35Y661EZ1ZDYVCYTV89ZH9ZDJW90	A8ERQT8X2HQPK	534	20	13
YW9ZZVMYWH5Z35Y661EZDKZZV8GDXW126F8MGZBZ	ARQ4J4TLTPBNC	534	0	13
YW9ZZVMYWH5Z35Y661EZGZMZ5PDC1GN0NV0XZX6Z	A1DCEOFAUIDY58	534	90	13
YW9ZZVMYWH5Z35Y661EZ1Z3C7VCCYYBZJV8BAKTZ	AZ209ZYWRSIUG	534	0	13
YW9ZZVMYWH5Z35Y661EZXY8Z5SZE2RMZS8Y6EZM0	A18WNE09USHJSG	523	15	2
YW9ZZVMYWH5Z35Y661EZ3K0ZS9Y19H4ZTJY17XZZ	AHFO0JTF5WO8J	523	25	2
YW9ZZVMYWH5Z35Y661EZEZ1ZT2YRJK82P0407R90	ALHOGP0VKKGM3	523	3	2
YW9ZZVMYWH5Z35Y661EZ3HNZY8HYWXPZGDY9FG6Z	AMJY7CKRBEI2A	523	0	2
YW9ZZVMYWH5Z35Y661EZNSBZW8ZH8XPM13HSEYMZ	A2LRADB3KFT2AO	523	0	2
YW9ZZVMYWH5Z35Y661EZ9WWZNRZHHTKTYBZ3Y9M0	A15L6WGIK3VU7N	523	0	2
YW9ZZVMYWH5Z35Y661EZ1ZDYVCYTV89ZH9ZDJW90	A8ERQT8X2HQPK	523	0	2
YW9ZZVMYWH5Z35Y661EZDKZZV8GDXW126F8MGZBZ	ARQ4J4TLTPBNC	523	0	2
YW9ZZVMYWH5Z35Y661EZGZMZ5PDC1GN0NV0XZX6Z	A1DCEOFAUIDY58	523	0	2
YW9ZZVMYWH5Z35Y661EZ1Z3C7VCCYYBZJV8BAKTZ	AZ209ZYWRSIUG	523	0	2
YW9ZZVMYWH5Z35Y661EZXY8Z5SZE2RMZS8Y6EZM0	A18WNE09USHJSG	533	40	43
YW9ZZVMYWH5Z35Y661EZ3K0ZS9Y19H4ZTJY17XZZ	AHFO0JTF5WO8J	533	85	43
YW9ZZVMYWH5Z35Y661EZEZ1ZT2YRJK82P0407R90	ALHOGP0VKKGM3	533	84	43
YW9ZZVMYWH5Z35Y661EZ3HNZY8HYWXPZGDY9FG6Z	AMJY7CKRBEI2A	533	20	43
YW9ZZVMYWH5Z35Y661EZNSBZW8ZH8XPM13HSEYMZ	A2LRADB3KFT2AO	533	0	43
YW9ZZVMYWH5Z35Y661EZ9WWZNRZHHTKTYBZ3Y9M0	A15L6WGIK3VU7N	533	20	43
YW9ZZVMYWH5Z35Y661EZ1ZDYVCYTV89ZH9ZDJW90	A8ERQT8X2HQPK	533	0	43
YW9ZZVMYWH5Z35Y661EZDKZZV8GDXW126F8MGZBZ	ARQ4J4TLTPBNC	533	0	43
YW9ZZVMYWH5Z35Y661EZGZMZ5PDC1GN0NV0XZX6Z	A1DCEOFAUIDY58	533	80	43
YW9ZZVMYWH5Z35Y661EZ1Z3C7VCCYYBZJV8BAKTZ	AZ209ZYWRSIUG	533	0	43
YW9ZZVMYWH5Z35Y661EZXY8Z5SZE2RMZS8Y6EZM0	A18WNE09USHJSG	522	45	27
YW9ZZVMYWH5Z35Y661EZ3K0ZS9Y19H4ZTJY17XZZ	AHFO0JTF5WO8J	522	10	27
YW9ZZVMYWH5Z35Y661EZEZ1ZT2YRJK82P0407R90	ALHOGP0VKKGM3	522	51	27
YW9ZZVMYWH5Z35Y661EZ3HNZY8HYWXPZGDY9FG6Z	AMJY7CKRBEI2A	522	0	27
YW9ZZVMYWH5Z35Y661EZNSBZW8ZH8XPM13HSEYMZ	A2LRADB3KFT2AO	522	0	27
YW9ZZVMYWH5Z35Y661EZ9WWZNRZHHTKTYBZ3Y9M0	A15L6WGIK3VU7N	522	10	27
YW9ZZVMYWH5Z35Y661EZ1ZDYVCYTV89ZH9ZDJW90	A8ERQT8X2HQPK	522	0	27
YW9ZZVMYWH5Z35Y661EZDKZZV8GDXW126F8MGZBZ	ARQ4J4TLTPBNC	522	0	27
YW9ZZVMYWH5Z35Y661EZGZMZ5PDC1GN0NV0XZX6Z	A1DCEOFAUIDY58	522	85	27
YW9ZZVMYWH5Z35Y661EZ1Z3C7VCCYYBZJV8BAKTZ	AZ209ZYWRSIUG	522	0	27
YW9ZZVMYWH5Z35Y661EZXY8Z5SZE2RMZS8Y6EZM0	A18WNE09USHJSG	521	45	21
YW9ZZVMYWH5Z35Y661EZ3K0ZS9Y19H4ZTJY17XZZ	AHFO0JTF5WO8J	521	0	21
YW9ZZVMYWH5Z35Y661EZEZ1ZT2YRJK82P0407R90	ALHOGP0VKKGM3	521	5	21
YW9ZZVMYWH5Z35Y661EZ3HNZY8HYWXPZGDY9FG6Z	AMJY7CKRBEI2A	521	0	21
YW9ZZVMYWH5Z35Y661EZNSBZW8ZH8XPM13HSEYMZ	A2LRADB3KFT2AO	521	0	21
YW9ZZVMYWH5Z35Y661EZ9WWZNRZHHTKTYBZ3Y9M0	A15L6WGIK3VU7N	521	0	21
YW9ZZVMYWH5Z35Y661EZ1ZDYVCYTV89ZH9ZDJW90	A8ERQT8X2HQPK	521	30	21
YW9ZZVMYWH5Z35Y661EZDKZZV8GDXW126F8MGZBZ	ARQ4J4TLTPBNC	521	0	21
YW9ZZVMYWH5Z35Y661EZGZMZ5PDC1GN0NV0XZX6Z	A1DCEOFAUIDY58	521	30	21
YW9ZZVMYWH5Z35Y661EZ1Z3C7VCCYYBZJV8BAKTZ	AZ209ZYWRSIUG	521	40	21
YW9ZZVMYWH5Z35Y661EZXY8Z5SZE2RMZS8Y6EZM0	A18WNE09USHJSG	532	10	8
YW9ZZVMYWH5Z35Y661EZ3K0ZS9Y19H4ZTJY17XZZ	AHFO0JTF5WO8J	532	55	8
YW9ZZVMYWH5Z35Y661EZEZ1ZT2YRJK82P0407R90	ALHOGP0VKKGM3	532	12	8
YW9ZZVMYWH5Z35Y661EZ3HNZY8HYWXPZGDY9FG6Z	AMJY7CKRBEI2A	532	0	8
YW9ZZVMYWH5Z35Y661EZNSBZW8ZH8XPM13HSEYMZ	A2LRADB3KFT2AO	532	0	8
YW9ZZVMYWH5Z35Y661EZ9WWZNRZHHTKTYBZ3Y9M0	A15L6WGIK3VU7N	532	0	8
YW9ZZVMYWH5Z35Y661EZ1ZDYVCYTV89ZH9ZDJW90	A8ERQT8X2HQPK	532	0	8
YW9ZZVMYWH5Z35Y661EZDKZZV8GDXW126F8MGZBZ	ARQ4J4TLTPBNC	532	0	8
YW9ZZVMYWH5Z35Y661EZGZMZ5PDC1GN0NV0XZX6Z	A1DCEOFAUIDY58	532	50	8
YW9ZZVMYWH5Z35Y661EZ1Z3C7VCCYYBZJV8BAKTZ	AZ209ZYWRSIUG	532	0	8
YW9ZZVMYWH5Z35Y661EZXY8Z5SZE2RMZS8Y6EZM0	A18WNE09USHJSG	520	15	10
YW9ZZVMYWH5Z35Y661EZ3K0ZS9Y19H4ZTJY17XZZ	AHFO0JTF5WO8J	520	0	10
YW9ZZVMYWH5Z35Y661EZEZ1ZT2YRJK82P0407R90	ALHOGP0VKKGM3	520	6	10
YW9ZZVMYWH5Z35Y661EZ3HNZY8HYWXPZGDY9FG6Z	AMJY7CKRBEI2A	520	0	10
YW9ZZVMYWH5Z35Y661EZNSBZW8ZH8XPM13HSEYMZ	A2LRADB3KFT2AO	520	0	10
YW9ZZVMYWH5Z35Y661EZ9WWZNRZHHTKTYBZ3Y9M0	A15L6WGIK3VU7N	520	0	10
YW9ZZVMYWH5Z35Y661EZ1ZDYVCYTV89ZH9ZDJW90	A8ERQT8X2HQPK	520	0	10
YW9ZZVMYWH5Z35Y661EZDKZZV8GDXW126F8MGZBZ	ARQ4J4TLTPBNC	520	0	10
YW9ZZVMYWH5Z35Y661EZGZMZ5PDC1GN0NV0XZX6Z	A1DCEOFAUIDY58	520	25	10
YW9ZZVMYWH5Z35Y661EZ1Z3C7VCCYYBZJV8BAKTZ	AZ209ZYWRSIUG	520	0	10
YW9ZZVMYWH5Z35Y661EZXY8Z5SZE2RMZS8Y6EZM0	A18WNE09USHJSG	531	40	49
YW9ZZVMYWH5Z35Y661EZ3K0ZS9Y19H4ZTJY17XZZ	AHFO0JTF5WO8J	531	50	49
YW9ZZVMYWH5Z35Y661EZEZ1ZT2YRJK82P0407R90	ALHOGP0VKKGM3	531	42	49
YW9ZZVMYWH5Z35Y661EZ3HNZY8HYWXPZGDY9FG6Z	AMJY7CKRBEI2A	531	20	49
YW9ZZVMYWH5Z35Y661EZNSBZW8ZH8XPM13HSEYMZ	A2LRADB3KFT2AO	531	25	49
YW9ZZVMYWH5Z35Y661EZ9WWZNRZHHTKTYBZ3Y9M0	A15L6WGIK3VU7N	531	0	49
YW9ZZVMYWH5Z35Y661EZ1ZDYVCYTV89ZH9ZDJW90	A8ERQT8X2HQPK	531	5	49
YW9ZZVMYWH5Z35Y661EZDKZZV8GDXW126F8MGZBZ	ARQ4J4TLTPBNC	531	0	49
YW9ZZVMYWH5Z35Y661EZGZMZ5PDC1GN0NV0XZX6Z	A1DCEOFAUIDY58	531	10	49
YW9ZZVMYWH5Z35Y661EZ1Z3C7VCCYYBZJV8BAKTZ	AZ209ZYWRSIUG	531	0	49
YW9ZZVMYWH5Z35Y661EZXY8Z5SZE2RMZS8Y6EZM0	A18WNE09USHJSG	530	45	17
YW9ZZVMYWH5Z35Y661EZ3K0ZS9Y19H4ZTJY17XZZ	AHFO0JTF5WO8J	530	0	17
YW9ZZVMYWH5Z35Y661EZEZ1ZT2YRJK82P0407R90	ALHOGP0VKKGM3	530	32	17
YW9ZZVMYWH5Z35Y661EZ3HNZY8HYWXPZGDY9FG6Z	AMJY7CKRBEI2A	530	10	17
YW9ZZVMYWH5Z35Y661EZNSBZW8ZH8XPM13HSEYMZ	A2LRADB3KFT2AO	530	10	17
YW9ZZVMYWH5Z35Y661EZ9WWZNRZHHTKTYBZ3Y9M0	A15L6WGIK3VU7N	530	30	17
YW9ZZVMYWH5Z35Y661EZ1ZDYVCYTV89ZH9ZDJW90	A8ERQT8X2HQPK	530	5	17
YW9ZZVMYWH5Z35Y661EZDKZZV8GDXW126F8MGZBZ	ARQ4J4TLTPBNC	530	0	17
YW9ZZVMYWH5Z35Y661EZGZMZ5PDC1GN0NV0XZX6Z	A1DCEOFAUIDY58	530	84	17
YW9ZZVMYWH5Z35Y661EZ1Z3C7VCCYYBZJV8BAKTZ	AZ209ZYWRSIUG	530	0	17
9RMRT3Z8YJCZ5VNG8HWZEZYZSKZJS17TS2NWZY7Z	A2NCIFVGIZESDF	507	0	3
9RMRT3Z8YJCZ5VNG8HWZ9ZZ6WPZJCYK4X9ZKJKR0	A1757CYJKBGLV2	507	50	3
9RMRT3Z8YJCZ5VNG8HWZJZ2ZRCYKRZ0MNTZ492Z0	A2OY54JKHARPKS	507	0	3
9RMRT3Z8YJCZ5VNG8HWZMXXZVWY2W18ZVQZ79Y6Z	A1ZGDXSHUPEQD9	507	0	3
9RMRT3Z8YJCZ5VNG8HWZ7ZQC62Z5GBZZ1XZ0M3W0	A1Q5GERIWS0YJR	507	0	3
9RMRT3Z8YJCZ5VNG8HWZHY0YTM1XPGFPMDR36VPZ	A3POYFULMTNW1H	507	0	3
9RMRT3Z8YJCZ5VNG8HWZSHZZ27YXBW2MX4YZMA80	ARQ4J4TLTPBNC	507	0	3
9RMRT3Z8YJCZ5VNG8HWZZXJZ1GYBEWYGJWZ6V040	A15MN5MDG4D7Q9	507	0	3
9RMRT3Z8YJCZ5VNG8HWZ1XJZ3CHQK3TZV14KTKZZ	AS51Z6DBWM9JM	507	0	3
9RMRT3Z8YJCZ5VNG8HWZ0H2CT5M4XYNYJ548S88Z	AZ209ZYWRSIUG	507	0	3
9RMRT3Z8YJCZ5VNG8HWZEZYZSKZJS17TS2NWZY7Z	A2NCIFVGIZESDF	518	0	10
9RMRT3Z8YJCZ5VNG8HWZ9ZZ6WPZJCYK4X9ZKJKR0	A1757CYJKBGLV2	518	90	10
9RMRT3Z8YJCZ5VNG8HWZJZ2ZRCYKRZ0MNTZ492Z0	A2OY54JKHARPKS	518	0	10
9RMRT3Z8YJCZ5VNG8HWZMXXZVWY2W18ZVQZ79Y6Z	A1ZGDXSHUPEQD9	518	0	10
9RMRT3Z8YJCZ5VNG8HWZ7ZQC62Z5GBZZ1XZ0M3W0	A1Q5GERIWS0YJR	518	0	10
9RMRT3Z8YJCZ5VNG8HWZHY0YTM1XPGFPMDR36VPZ	A3POYFULMTNW1H	518	0	10
9RMRT3Z8YJCZ5VNG8HWZSHZZ27YXBW2MX4YZMA80	ARQ4J4TLTPBNC	518	0	10
9RMRT3Z8YJCZ5VNG8HWZZXJZ1GYBEWYGJWZ6V040	A15MN5MDG4D7Q9	518	0	10
9RMRT3Z8YJCZ5VNG8HWZ1XJZ3CHQK3TZV14KTKZZ	AS51Z6DBWM9JM	518	0	10
9RMRT3Z8YJCZ5VNG8HWZ0H2CT5M4XYNYJ548S88Z	AZ209ZYWRSIUG	518	0	10
9RMRT3Z8YJCZ5VNG8HWZEZYZSKZJS17TS2NWZY7Z	A2NCIFVGIZESDF	517	20	25
9RMRT3Z8YJCZ5VNG8HWZ9ZZ6WPZJCYK4X9ZKJKR0	A1757CYJKBGLV2	517	50	25
9RMRT3Z8YJCZ5VNG8HWZJZ2ZRCYKRZ0MNTZ492Z0	A2OY54JKHARPKS	517	15	25
9RMRT3Z8YJCZ5VNG8HWZMXXZVWY2W18ZVQZ79Y6Z	A1ZGDXSHUPEQD9	517	0	25
9RMRT3Z8YJCZ5VNG8HWZ7ZQC62Z5GBZZ1XZ0M3W0	A1Q5GERIWS0YJR	517	0	25
9RMRT3Z8YJCZ5VNG8HWZHY0YTM1XPGFPMDR36VPZ	A3POYFULMTNW1H	517	20	25
9RMRT3Z8YJCZ5VNG8HWZSHZZ27YXBW2MX4YZMA80	ARQ4J4TLTPBNC	517	0	25
9RMRT3Z8YJCZ5VNG8HWZZXJZ1GYBEWYGJWZ6V040	A15MN5MDG4D7Q9	517	5	25
9RMRT3Z8YJCZ5VNG8HWZ1XJZ3CHQK3TZV14KTKZZ	AS51Z6DBWM9JM	517	0	25
9RMRT3Z8YJCZ5VNG8HWZ0H2CT5M4XYNYJ548S88Z	AZ209ZYWRSIUG	517	60	25
9RMRT3Z8YJCZ5VNG8HWZEZYZSKZJS17TS2NWZY7Z	A2NCIFVGIZESDF	506	35	53
9RMRT3Z8YJCZ5VNG8HWZ9ZZ6WPZJCYK4X9ZKJKR0	A1757CYJKBGLV2	506	40	53
9RMRT3Z8YJCZ5VNG8HWZJZ2ZRCYKRZ0MNTZ492Z0	A2OY54JKHARPKS	506	0	53
9RMRT3Z8YJCZ5VNG8HWZMXXZVWY2W18ZVQZ79Y6Z	A1ZGDXSHUPEQD9	506	0	53
9RMRT3Z8YJCZ5VNG8HWZ7ZQC62Z5GBZZ1XZ0M3W0	A1Q5GERIWS0YJR	506	0	53
9RMRT3Z8YJCZ5VNG8HWZHY0YTM1XPGFPMDR36VPZ	A3POYFULMTNW1H	506	0	53
9RMRT3Z8YJCZ5VNG8HWZSHZZ27YXBW2MX4YZMA80	ARQ4J4TLTPBNC	506	0	53
9RMRT3Z8YJCZ5VNG8HWZZXJZ1GYBEWYGJWZ6V040	A15MN5MDG4D7Q9	506	20	53
9RMRT3Z8YJCZ5VNG8HWZ1XJZ3CHQK3TZV14KTKZZ	AS51Z6DBWM9JM	506	0	53
9RMRT3Z8YJCZ5VNG8HWZ0H2CT5M4XYNYJ548S88Z	AZ209ZYWRSIUG	506	0	53
9RMRT3Z8YJCZ5VNG8HWZEZYZSKZJS17TS2NWZY7Z	A2NCIFVGIZESDF	504	30	8
9RMRT3Z8YJCZ5VNG8HWZ9ZZ6WPZJCYK4X9ZKJKR0	A1757CYJKBGLV2	504	90	8
9RMRT3Z8YJCZ5VNG8HWZJZ2ZRCYKRZ0MNTZ492Z0	A2OY54JKHARPKS	504	20	8
9RMRT3Z8YJCZ5VNG8HWZMXXZVWY2W18ZVQZ79Y6Z	A1ZGDXSHUPEQD9	504	0	8
9RMRT3Z8YJCZ5VNG8HWZ7ZQC62Z5GBZZ1XZ0M3W0	A1Q5GERIWS0YJR	504	0	8
9RMRT3Z8YJCZ5VNG8HWZHY0YTM1XPGFPMDR36VPZ	A3POYFULMTNW1H	504	0	8
9RMRT3Z8YJCZ5VNG8HWZSHZZ27YXBW2MX4YZMA80	ARQ4J4TLTPBNC	504	0	8
9RMRT3Z8YJCZ5VNG8HWZZXJZ1GYBEWYGJWZ6V040	A15MN5MDG4D7Q9	504	0	8
9RMRT3Z8YJCZ5VNG8HWZ1XJZ3CHQK3TZV14KTKZZ	AS51Z6DBWM9JM	504	0	8
9RMRT3Z8YJCZ5VNG8HWZ0H2CT5M4XYNYJ548S88Z	AZ209ZYWRSIUG	504	0	8
9RMRT3Z8YJCZ5VNG8HWZEZYZSKZJS17TS2NWZY7Z	A2NCIFVGIZESDF	516	40	19
9RMRT3Z8YJCZ5VNG8HWZ9ZZ6WPZJCYK4X9ZKJKR0	A1757CYJKBGLV2	516	30	19
9RMRT3Z8YJCZ5VNG8HWZJZ2ZRCYKRZ0MNTZ492Z0	A2OY54JKHARPKS	516	0	19
9RMRT3Z8YJCZ5VNG8HWZMXXZVWY2W18ZVQZ79Y6Z	A1ZGDXSHUPEQD9	516	0	19
9RMRT3Z8YJCZ5VNG8HWZ7ZQC62Z5GBZZ1XZ0M3W0	A1Q5GERIWS0YJR	516	40	19
9RMRT3Z8YJCZ5VNG8HWZHY0YTM1XPGFPMDR36VPZ	A3POYFULMTNW1H	516	0	19
9RMRT3Z8YJCZ5VNG8HWZSHZZ27YXBW2MX4YZMA80	ARQ4J4TLTPBNC	516	0	19
9RMRT3Z8YJCZ5VNG8HWZZXJZ1GYBEWYGJWZ6V040	A15MN5MDG4D7Q9	516	10	19
9RMRT3Z8YJCZ5VNG8HWZ1XJZ3CHQK3TZV14KTKZZ	AS51Z6DBWM9JM	516	0	19
9RMRT3Z8YJCZ5VNG8HWZ0H2CT5M4XYNYJ548S88Z	AZ209ZYWRSIUG	516	0	19
9RMRT3Z8YJCZ5VNG8HWZEZYZSKZJS17TS2NWZY7Z	A2NCIFVGIZESDF	505	40	7
9RMRT3Z8YJCZ5VNG8HWZ9ZZ6WPZJCYK4X9ZKJKR0	A1757CYJKBGLV2	505	100	7
9RMRT3Z8YJCZ5VNG8HWZJZ2ZRCYKRZ0MNTZ492Z0	A2OY54JKHARPKS	505	50	7
9RMRT3Z8YJCZ5VNG8HWZMXXZVWY2W18ZVQZ79Y6Z	A1ZGDXSHUPEQD9	505	0	7
9RMRT3Z8YJCZ5VNG8HWZ7ZQC62Z5GBZZ1XZ0M3W0	A1Q5GERIWS0YJR	505	10	7
9RMRT3Z8YJCZ5VNG8HWZHY0YTM1XPGFPMDR36VPZ	A3POYFULMTNW1H	505	0	7
9RMRT3Z8YJCZ5VNG8HWZSHZZ27YXBW2MX4YZMA80	ARQ4J4TLTPBNC	505	0	7
9RMRT3Z8YJCZ5VNG8HWZZXJZ1GYBEWYGJWZ6V040	A15MN5MDG4D7Q9	505	30	7
9RMRT3Z8YJCZ5VNG8HWZ1XJZ3CHQK3TZV14KTKZZ	AS51Z6DBWM9JM	505	0	7
9RMRT3Z8YJCZ5VNG8HWZ0H2CT5M4XYNYJ548S88Z	AZ209ZYWRSIUG	505	0	7
9RMRT3Z8YJCZ5VNG8HWZEZYZSKZJS17TS2NWZY7Z	A2NCIFVGIZESDF	514	50	33
9RMRT3Z8YJCZ5VNG8HWZ9ZZ6WPZJCYK4X9ZKJKR0	A1757CYJKBGLV2	514	90	33
9RMRT3Z8YJCZ5VNG8HWZJZ2ZRCYKRZ0MNTZ492Z0	A2OY54JKHARPKS	514	0	33
9RMRT3Z8YJCZ5VNG8HWZMXXZVWY2W18ZVQZ79Y6Z	A1ZGDXSHUPEQD9	514	0	33
9RMRT3Z8YJCZ5VNG8HWZ7ZQC62Z5GBZZ1XZ0M3W0	A1Q5GERIWS0YJR	514	10	33
9RMRT3Z8YJCZ5VNG8HWZHY0YTM1XPGFPMDR36VPZ	A3POYFULMTNW1H	514	0	33
9RMRT3Z8YJCZ5VNG8HWZSHZZ27YXBW2MX4YZMA80	ARQ4J4TLTPBNC	514	0	33
9RMRT3Z8YJCZ5VNG8HWZZXJZ1GYBEWYGJWZ6V040	A15MN5MDG4D7Q9	514	10	33
9RMRT3Z8YJCZ5VNG8HWZ1XJZ3CHQK3TZV14KTKZZ	AS51Z6DBWM9JM	514	0	33
9RMRT3Z8YJCZ5VNG8HWZ0H2CT5M4XYNYJ548S88Z	AZ209ZYWRSIUG	514	0	33
9RMRT3Z8YJCZ5VNG8HWZEZYZSKZJS17TS2NWZY7Z	A2NCIFVGIZESDF	503	10	31
9RMRT3Z8YJCZ5VNG8HWZ9ZZ6WPZJCYK4X9ZKJKR0	A1757CYJKBGLV2	503	90	31
9RMRT3Z8YJCZ5VNG8HWZJZ2ZRCYKRZ0MNTZ492Z0	A2OY54JKHARPKS	503	0	31
9RMRT3Z8YJCZ5VNG8HWZMXXZVWY2W18ZVQZ79Y6Z	A1ZGDXSHUPEQD9	503	0	31
9RMRT3Z8YJCZ5VNG8HWZ7ZQC62Z5GBZZ1XZ0M3W0	A1Q5GERIWS0YJR	503	0	31
9RMRT3Z8YJCZ5VNG8HWZHY0YTM1XPGFPMDR36VPZ	A3POYFULMTNW1H	503	0	31
9RMRT3Z8YJCZ5VNG8HWZSHZZ27YXBW2MX4YZMA80	ARQ4J4TLTPBNC	503	0	31
9RMRT3Z8YJCZ5VNG8HWZZXJZ1GYBEWYGJWZ6V040	A15MN5MDG4D7Q9	503	0	31
9RMRT3Z8YJCZ5VNG8HWZ1XJZ3CHQK3TZV14KTKZZ	AS51Z6DBWM9JM	503	0	31
9RMRT3Z8YJCZ5VNG8HWZ0H2CT5M4XYNYJ548S88Z	AZ209ZYWRSIUG	503	0	31
9RMRT3Z8YJCZ5VNG8HWZEZYZSKZJS17TS2NWZY7Z	A2NCIFVGIZESDF	515	30	37
9RMRT3Z8YJCZ5VNG8HWZ9ZZ6WPZJCYK4X9ZKJKR0	A1757CYJKBGLV2	515	80	37
9RMRT3Z8YJCZ5VNG8HWZJZ2ZRCYKRZ0MNTZ492Z0	A2OY54JKHARPKS	515	5	37
9RMRT3Z8YJCZ5VNG8HWZMXXZVWY2W18ZVQZ79Y6Z	A1ZGDXSHUPEQD9	515	25	37
9RMRT3Z8YJCZ5VNG8HWZ7ZQC62Z5GBZZ1XZ0M3W0	A1Q5GERIWS0YJR	515	0	37
9RMRT3Z8YJCZ5VNG8HWZHY0YTM1XPGFPMDR36VPZ	A3POYFULMTNW1H	515	0	37
9RMRT3Z8YJCZ5VNG8HWZSHZZ27YXBW2MX4YZMA80	ARQ4J4TLTPBNC	515	0	37
9RMRT3Z8YJCZ5VNG8HWZZXJZ1GYBEWYGJWZ6V040	A15MN5MDG4D7Q9	515	20	37
9RMRT3Z8YJCZ5VNG8HWZ1XJZ3CHQK3TZV14KTKZZ	AS51Z6DBWM9JM	515	0	37
9RMRT3Z8YJCZ5VNG8HWZ0H2CT5M4XYNYJ548S88Z	AZ209ZYWRSIUG	515	0	37
9RMRT3Z8YJCZ5VNG8HWZEZYZSKZJS17TS2NWZY7Z	A2NCIFVGIZESDF	502	0	4
9RMRT3Z8YJCZ5VNG8HWZ9ZZ6WPZJCYK4X9ZKJKR0	A1757CYJKBGLV2	502	80	4
9RMRT3Z8YJCZ5VNG8HWZJZ2ZRCYKRZ0MNTZ492Z0	A2OY54JKHARPKS	502	0	4
9RMRT3Z8YJCZ5VNG8HWZMXXZVWY2W18ZVQZ79Y6Z	A1ZGDXSHUPEQD9	502	0	4
9RMRT3Z8YJCZ5VNG8HWZ7ZQC62Z5GBZZ1XZ0M3W0	A1Q5GERIWS0YJR	502	0	4
9RMRT3Z8YJCZ5VNG8HWZHY0YTM1XPGFPMDR36VPZ	A3POYFULMTNW1H	502	0	4
9RMRT3Z8YJCZ5VNG8HWZSHZZ27YXBW2MX4YZMA80	ARQ4J4TLTPBNC	502	0	4
9RMRT3Z8YJCZ5VNG8HWZZXJZ1GYBEWYGJWZ6V040	A15MN5MDG4D7Q9	502	0	4
9RMRT3Z8YJCZ5VNG8HWZ1XJZ3CHQK3TZV14KTKZZ	AS51Z6DBWM9JM	502	0	4
9RMRT3Z8YJCZ5VNG8HWZ0H2CT5M4XYNYJ548S88Z	AZ209ZYWRSIUG	502	0	4
9RMRT3Z8YJCZ5VNG8HWZEZYZSKZJS17TS2NWZY7Z	A2NCIFVGIZESDF	513	0	4
9RMRT3Z8YJCZ5VNG8HWZ9ZZ6WPZJCYK4X9ZKJKR0	A1757CYJKBGLV2	513	90	4
9RMRT3Z8YJCZ5VNG8HWZJZ2ZRCYKRZ0MNTZ492Z0	A2OY54JKHARPKS	513	15	4
9RMRT3Z8YJCZ5VNG8HWZMXXZVWY2W18ZVQZ79Y6Z	A1ZGDXSHUPEQD9	513	0	4
9RMRT3Z8YJCZ5VNG8HWZ7ZQC62Z5GBZZ1XZ0M3W0	A1Q5GERIWS0YJR	513	0	4
9RMRT3Z8YJCZ5VNG8HWZHY0YTM1XPGFPMDR36VPZ	A3POYFULMTNW1H	513	0	4
9RMRT3Z8YJCZ5VNG8HWZSHZZ27YXBW2MX4YZMA80	ARQ4J4TLTPBNC	513	0	4
9RMRT3Z8YJCZ5VNG8HWZZXJZ1GYBEWYGJWZ6V040	A15MN5MDG4D7Q9	513	40	4
9RMRT3Z8YJCZ5VNG8HWZ1XJZ3CHQK3TZV14KTKZZ	AS51Z6DBWM9JM	513	0	4
9RMRT3Z8YJCZ5VNG8HWZ0H2CT5M4XYNYJ548S88Z	AZ209ZYWRSIUG	513	0	4
9RMRT3Z8YJCZ5VNG8HWZEZYZSKZJS17TS2NWZY7Z	A2NCIFVGIZESDF	512	0	19
9RMRT3Z8YJCZ5VNG8HWZ9ZZ6WPZJCYK4X9ZKJKR0	A1757CYJKBGLV2	512	40	19
9RMRT3Z8YJCZ5VNG8HWZJZ2ZRCYKRZ0MNTZ492Z0	A2OY54JKHARPKS	512	0	19
9RMRT3Z8YJCZ5VNG8HWZMXXZVWY2W18ZVQZ79Y6Z	A1ZGDXSHUPEQD9	512	25	19
9RMRT3Z8YJCZ5VNG8HWZ7ZQC62Z5GBZZ1XZ0M3W0	A1Q5GERIWS0YJR	512	0	19
9RMRT3Z8YJCZ5VNG8HWZHY0YTM1XPGFPMDR36VPZ	A3POYFULMTNW1H	512	0	19
9RMRT3Z8YJCZ5VNG8HWZSHZZ27YXBW2MX4YZMA80	ARQ4J4TLTPBNC	512	0	19
9RMRT3Z8YJCZ5VNG8HWZZXJZ1GYBEWYGJWZ6V040	A15MN5MDG4D7Q9	512	10	19
9RMRT3Z8YJCZ5VNG8HWZ1XJZ3CHQK3TZV14KTKZZ	AS51Z6DBWM9JM	512	0	19
9RMRT3Z8YJCZ5VNG8HWZ0H2CT5M4XYNYJ548S88Z	AZ209ZYWRSIUG	512	0	19
9RMRT3Z8YJCZ5VNG8HWZEZYZSKZJS17TS2NWZY7Z	A2NCIFVGIZESDF	501	15	5
9RMRT3Z8YJCZ5VNG8HWZ9ZZ6WPZJCYK4X9ZKJKR0	A1757CYJKBGLV2	501	90	5
9RMRT3Z8YJCZ5VNG8HWZJZ2ZRCYKRZ0MNTZ492Z0	A2OY54JKHARPKS	501	0	5
9RMRT3Z8YJCZ5VNG8HWZMXXZVWY2W18ZVQZ79Y6Z	A1ZGDXSHUPEQD9	501	0	5
9RMRT3Z8YJCZ5VNG8HWZ7ZQC62Z5GBZZ1XZ0M3W0	A1Q5GERIWS0YJR	501	0	5
9RMRT3Z8YJCZ5VNG8HWZHY0YTM1XPGFPMDR36VPZ	A3POYFULMTNW1H	501	0	5
9RMRT3Z8YJCZ5VNG8HWZSHZZ27YXBW2MX4YZMA80	ARQ4J4TLTPBNC	501	0	5
9RMRT3Z8YJCZ5VNG8HWZZXJZ1GYBEWYGJWZ6V040	A15MN5MDG4D7Q9	501	0	5
9RMRT3Z8YJCZ5VNG8HWZ1XJZ3CHQK3TZV14KTKZZ	AS51Z6DBWM9JM	501	0	5
9RMRT3Z8YJCZ5VNG8HWZ0H2CT5M4XYNYJ548S88Z	AZ209ZYWRSIUG	501	0	5
9RMRT3Z8YJCZ5VNG8HWZEZYZSKZJS17TS2NWZY7Z	A2NCIFVGIZESDF	511	20	65
9RMRT3Z8YJCZ5VNG8HWZ9ZZ6WPZJCYK4X9ZKJKR0	A1757CYJKBGLV2	511	90	65
9RMRT3Z8YJCZ5VNG8HWZJZ2ZRCYKRZ0MNTZ492Z0	A2OY54JKHARPKS	511	10	65
9RMRT3Z8YJCZ5VNG8HWZMXXZVWY2W18ZVQZ79Y6Z	A1ZGDXSHUPEQD9	511	25	65
9RMRT3Z8YJCZ5VNG8HWZ7ZQC62Z5GBZZ1XZ0M3W0	A1Q5GERIWS0YJR	511	10	65
9RMRT3Z8YJCZ5VNG8HWZHY0YTM1XPGFPMDR36VPZ	A3POYFULMTNW1H	511	0	65
9RMRT3Z8YJCZ5VNG8HWZSHZZ27YXBW2MX4YZMA80	ARQ4J4TLTPBNC	511	0	65
9RMRT3Z8YJCZ5VNG8HWZZXJZ1GYBEWYGJWZ6V040	A15MN5MDG4D7Q9	511	0	65
9RMRT3Z8YJCZ5VNG8HWZ1XJZ3CHQK3TZV14KTKZZ	AS51Z6DBWM9JM	511	35	65
9RMRT3Z8YJCZ5VNG8HWZ0H2CT5M4XYNYJ548S88Z	AZ209ZYWRSIUG	511	0	65
9RMRT3Z8YJCZ5VNG8HWZEZYZSKZJS17TS2NWZY7Z	A2NCIFVGIZESDF	500	0	11
9RMRT3Z8YJCZ5VNG8HWZ9ZZ6WPZJCYK4X9ZKJKR0	A1757CYJKBGLV2	500	90	11
9RMRT3Z8YJCZ5VNG8HWZJZ2ZRCYKRZ0MNTZ492Z0	A2OY54JKHARPKS	500	15	11
9RMRT3Z8YJCZ5VNG8HWZMXXZVWY2W18ZVQZ79Y6Z	A1ZGDXSHUPEQD9	500	10	11
9RMRT3Z8YJCZ5VNG8HWZ7ZQC62Z5GBZZ1XZ0M3W0	A1Q5GERIWS0YJR	500	0	11
9RMRT3Z8YJCZ5VNG8HWZHY0YTM1XPGFPMDR36VPZ	A3POYFULMTNW1H	500	0	11
9RMRT3Z8YJCZ5VNG8HWZSHZZ27YXBW2MX4YZMA80	ARQ4J4TLTPBNC	500	0	11
9RMRT3Z8YJCZ5VNG8HWZZXJZ1GYBEWYGJWZ6V040	A15MN5MDG4D7Q9	500	5	11
9RMRT3Z8YJCZ5VNG8HWZ1XJZ3CHQK3TZV14KTKZZ	AS51Z6DBWM9JM	500	0	11
9RMRT3Z8YJCZ5VNG8HWZ0H2CT5M4XYNYJ548S88Z	AZ209ZYWRSIUG	500	0	11
9RMRT3Z8YJCZ5VNG8HWZEZYZSKZJS17TS2NWZY7Z	A2NCIFVGIZESDF	510	0	59
9RMRT3Z8YJCZ5VNG8HWZ9ZZ6WPZJCYK4X9ZKJKR0	A1757CYJKBGLV2	510	50	59
9RMRT3Z8YJCZ5VNG8HWZJZ2ZRCYKRZ0MNTZ492Z0	A2OY54JKHARPKS	510	0	59
9RMRT3Z8YJCZ5VNG8HWZMXXZVWY2W18ZVQZ79Y6Z	A1ZGDXSHUPEQD9	510	0	59
9RMRT3Z8YJCZ5VNG8HWZ7ZQC62Z5GBZZ1XZ0M3W0	A1Q5GERIWS0YJR	510	0	59
9RMRT3Z8YJCZ5VNG8HWZHY0YTM1XPGFPMDR36VPZ	A3POYFULMTNW1H	510	0	59
9RMRT3Z8YJCZ5VNG8HWZSHZZ27YXBW2MX4YZMA80	ARQ4J4TLTPBNC	510	0	59
9RMRT3Z8YJCZ5VNG8HWZZXJZ1GYBEWYGJWZ6V040	A15MN5MDG4D7Q9	510	0	59
9RMRT3Z8YJCZ5VNG8HWZ1XJZ3CHQK3TZV14KTKZZ	AS51Z6DBWM9JM	510	0	59
9RMRT3Z8YJCZ5VNG8HWZ0H2CT5M4XYNYJ548S88Z	AZ209ZYWRSIUG	510	0	59
9RMRT3Z8YJCZ5VNG8HWZEZYZSKZJS17TS2NWZY7Z	A2NCIFVGIZESDF	509	30	13
9RMRT3Z8YJCZ5VNG8HWZ9ZZ6WPZJCYK4X9ZKJKR0	A1757CYJKBGLV2	509	20	13
9RMRT3Z8YJCZ5VNG8HWZJZ2ZRCYKRZ0MNTZ492Z0	A2OY54JKHARPKS	509	2	13
9RMRT3Z8YJCZ5VNG8HWZMXXZVWY2W18ZVQZ79Y6Z	A1ZGDXSHUPEQD9	509	0	13
9RMRT3Z8YJCZ5VNG8HWZ7ZQC62Z5GBZZ1XZ0M3W0	A1Q5GERIWS0YJR	509	0	13
9RMRT3Z8YJCZ5VNG8HWZHY0YTM1XPGFPMDR36VPZ	A3POYFULMTNW1H	509	30	13
9RMRT3Z8YJCZ5VNG8HWZSHZZ27YXBW2MX4YZMA80	ARQ4J4TLTPBNC	509	0	13
9RMRT3Z8YJCZ5VNG8HWZZXJZ1GYBEWYGJWZ6V040	A15MN5MDG4D7Q9	509	5	13
9RMRT3Z8YJCZ5VNG8HWZ1XJZ3CHQK3TZV14KTKZZ	AS51Z6DBWM9JM	509	20	13
9RMRT3Z8YJCZ5VNG8HWZ0H2CT5M4XYNYJ548S88Z	AZ209ZYWRSIUG	509	0	13
9RMRT3Z8YJCZ5VNG8HWZEZYZSKZJS17TS2NWZY7Z	A2NCIFVGIZESDF	519	30	75
9RMRT3Z8YJCZ5VNG8HWZ9ZZ6WPZJCYK4X9ZKJKR0	A1757CYJKBGLV2	519	99	75
9RMRT3Z8YJCZ5VNG8HWZJZ2ZRCYKRZ0MNTZ492Z0	A2OY54JKHARPKS	519	5	75
9RMRT3Z8YJCZ5VNG8HWZMXXZVWY2W18ZVQZ79Y6Z	A1ZGDXSHUPEQD9	519	20	75
9RMRT3Z8YJCZ5VNG8HWZ7ZQC62Z5GBZZ1XZ0M3W0	A1Q5GERIWS0YJR	519	80	75
9RMRT3Z8YJCZ5VNG8HWZHY0YTM1XPGFPMDR36VPZ	A3POYFULMTNW1H	519	30	75
9RMRT3Z8YJCZ5VNG8HWZSHZZ27YXBW2MX4YZMA80	ARQ4J4TLTPBNC	519	0	75
9RMRT3Z8YJCZ5VNG8HWZZXJZ1GYBEWYGJWZ6V040	A15MN5MDG4D7Q9	519	20	75
9RMRT3Z8YJCZ5VNG8HWZ1XJZ3CHQK3TZV14KTKZZ	AS51Z6DBWM9JM	519	0	75
9RMRT3Z8YJCZ5VNG8HWZ0H2CT5M4XYNYJ548S88Z	AZ209ZYWRSIUG	519	0	75
9RMRT3Z8YJCZ5VNG8HWZEZYZSKZJS17TS2NWZY7Z	A2NCIFVGIZESDF	508	40	38
9RMRT3Z8YJCZ5VNG8HWZ9ZZ6WPZJCYK4X9ZKJKR0	A1757CYJKBGLV2	508	100	38
9RMRT3Z8YJCZ5VNG8HWZJZ2ZRCYKRZ0MNTZ492Z0	A2OY54JKHARPKS	508	30	38
9RMRT3Z8YJCZ5VNG8HWZMXXZVWY2W18ZVQZ79Y6Z	A1ZGDXSHUPEQD9	508	0	38
9RMRT3Z8YJCZ5VNG8HWZ7ZQC62Z5GBZZ1XZ0M3W0	A1Q5GERIWS0YJR	508	10	38
9RMRT3Z8YJCZ5VNG8HWZHY0YTM1XPGFPMDR36VPZ	A3POYFULMTNW1H	508	20	38
9RMRT3Z8YJCZ5VNG8HWZSHZZ27YXBW2MX4YZMA80	ARQ4J4TLTPBNC	508	0	38
9RMRT3Z8YJCZ5VNG8HWZZXJZ1GYBEWYGJWZ6V040	A15MN5MDG4D7Q9	508	30	38
9RMRT3Z8YJCZ5VNG8HWZ1XJZ3CHQK3TZV14KTKZZ	AS51Z6DBWM9JM	508	25	38
9RMRT3Z8YJCZ5VNG8HWZ0H2CT5M4XYNYJ548S88Z	AZ209ZYWRSIUG	508	0	38
6YGZG117Y18TYYYVYYZZKSA0RSZD235RTEMFMA3Z	A1AVJRFM6L0RN8	583	0	24
6YGZG117Y18TYYYVYYZZGWPTRNMNZYM8NJ4AQG1Z	ADAGUJNWMEPT6	583	20	24
6YGZG117Y18TYYYVYYZZKJ2ZTRYE1W0ZVJWF0TC0	A1LY3NJTYW9TFF	583	0	24
6YGZG117Y18TYYYVYYZZQZ8Y2ZZKMJH8KJY6G020	A14WWG6NKBDWGP	583	60	24
6YGZG117Y18TYYYVYYZZJW5ZW9R40YCCJ80X2YF0	A1VYRD3HO2WDUN	583	0	24
6YGZG117Y18TYYYVYYZZQG0Z4ZZVQY58M2YQR2VZ	A1XUURRBT9RYFW	583	10	24
6YGZG117Y18TYYYVYYZZ4W0Z4NY88RHRV3ZZVSK0	A1M0SEWUJYX9K0	583	50	24
6YGZG117Y18TYYYVYYZZSXXT57ZJXHVMMQY23VWZ	A2KBTYNGUFRB9N	583	40	24
6YGZG117Y18TYYYVYYZZJ1MWMDZY7GKZXVY8YZRZ	A3POYFULMTNW1H	583	0	24
6YGZG117Y18TYYYVYYZZKWSZSMY731GTNCN53YQ0	ARQ4J4TLTPBNC	583	100	24
6YGZG117Y18TYYYVYYZZKSA0RSZD235RTEMFMA3Z	A1AVJRFM6L0RN8	595	0	22
6YGZG117Y18TYYYVYYZZGWPTRNMNZYM8NJ4AQG1Z	ADAGUJNWMEPT6	595	5	22
6YGZG117Y18TYYYVYYZZKJ2ZTRYE1W0ZVJWF0TC0	A1LY3NJTYW9TFF	595	0	22
6YGZG117Y18TYYYVYYZZQZ8Y2ZZKMJH8KJY6G020	A14WWG6NKBDWGP	595	10	22
6YGZG117Y18TYYYVYYZZJW5ZW9R40YCCJ80X2YF0	A1VYRD3HO2WDUN	595	0	22
6YGZG117Y18TYYYVYYZZQG0Z4ZZVQY58M2YQR2VZ	A1XUURRBT9RYFW	595	5	22
6YGZG117Y18TYYYVYYZZ4W0Z4NY88RHRV3ZZVSK0	A1M0SEWUJYX9K0	595	0	22
6YGZG117Y18TYYYVYYZZSXXT57ZJXHVMMQY23VWZ	A2KBTYNGUFRB9N	595	10	22
6YGZG117Y18TYYYVYYZZJ1MWMDZY7GKZXVY8YZRZ	A3POYFULMTNW1H	595	0	22
6YGZG117Y18TYYYVYYZZKWSZSMY731GTNCN53YQ0	ARQ4J4TLTPBNC	595	100	22
